GLN,GLNStarfood,Empresa,Ctacte,NombreCliente,Numero,Fecha,TipoPlazoPago,PlazoPago,FechaVcto,UniqueId,SalesDepartament,TipoOC,Promocion,NroInternoProveedor,DireccionDespacho 
"7807913CL0001","7801434CL0001","002","93307000","SUPERMERCADOS MONTSERRAT S.A.C.","00033990570",05/12/2020 11:47:00,"DAYS",60,05/18/2020 00:00:00,"780791322000033990570","","","","","7808800120507" 
"7807913CL0001","7801434CL0001","002","93307000","SUPERMERCADOS MONTSERRAT S.A.C.","00033936720",04/20/2020 10:33:00,"DAYS",60,04/27/2020 00:00:00,"780791322000033936720","","","","","7808810008406" 
"7807913CL0001","7801434CL0001","002","93307000","SUPERMERCADOS MONTSERRAT S.A.C.","00034083280",08/01/2020 13:17:00,"DAYS",60,08/10/2020 00:00:00,"780791322000034083280","","","","","7808800120507" 
"7807913CL0001","7801434CL0001","002","93307000","SUPERMERCADOS MONTSERRAT S.A.C.","00033742260",02/24/2020 13:19:00,"DAYS",60,03/02/2020 00:00:00,"780791322000033742260","","","","","7808810008406" 
"7807913CL0001","7801434CL0001","002","93307000","SUPERMERCADOS MONTSERRAT S.A.C.","00033829480",03/18/2020 10:35:00,"DAYS",60,03/23/2020 00:00:00,"780791322000033829480","","","","","7808800108642" 
"7807913CL0001","7801434CL0001","002","93307000","SUPERMERCADOS MONTSERRAT S.A.C.","00034033020",06/08/2020 10:34:00,"DAYS",60,06/15/2020 00:00:00,"780791322000034033020","","","","","7808800125588" 
"7807913CL0001","7801434CL0001","002","93307000","SUPERMERCADOS MONTSERRAT S.A.C.","00034013500",05/25/2020 10:32:00,"DAYS",60,06/01/2020 00:00:00,"780791322000034013500","","","","","7808800123072" 
"7807913CL0001","7801434CL0001","002","93307000","SUPERMERCADOS MONTSERRAT S.A.C.","00033794690",03/09/2020 10:33:00,"DAYS",60,03/16/2020 00:00:00,"780791322000033794690","","","","","7808810008406" 
"7807913CL0001","7801434CL0001","002","93307000","SUPERMERCADOS MONTSERRAT S.A.C.","00033897180",04/06/2020 10:33:00,"DAYS",60,04/13/2020 00:00:00,"780791322000033897180","","","","","7808800108642" 
"7807913CL0001","7801434CL0001","002","93307000","SUPERMERCADOS MONTSERRAT S.A.C.","00033549650",01/08/2020 12:48:00,"DAYS",60,01/13/2020 00:00:00,"780791322000033549650","","","","","7808800085820" 
"7807913CL0001","7801434CL0001","002","93307000","SUPERMERCADOS MONTSERRAT S.A.C.","00033922480",04/14/2020 11:48:00,"DAYS",60,04/20/2020 00:00:00,"780791322000033922480","","","","","7808810005658" 
"7808800117842","7801434CL0001","002","","","70002086655",04/23/2020 00:00:00,"DAYS",30,04/25/2020 00:00:00,"780791422070002086655","","","","","7807975001925" 
"7808800117842","7801434CL0001","002","","","70002135155",05/25/2020 00:00:00,"DAYS",30,05/29/2020 00:00:00,"780791422070002135155","","","","","7808800107607" 
"7807913CL0001","7801434CL0001","002","93307000","SUPERMERCADOS MONTSERRAT S.A.C.","00033550000",01/08/2020 13:18:00,"DAYS",60,01/13/2020 00:00:00,"780791322000033550000","","","","","7808810007126" 
"7807913CL0001","7801434CL0001","002","93307000","SUPERMERCADOS MONTSERRAT S.A.C.","00033897010",04/06/2020 10:33:00,"DAYS",60,04/13/2020 00:00:00,"780791322000033897010","","","","","7808800108642" 
"7808800117842","7801434CL0001","002","","","70002187311",06/29/2020 00:00:00,"DAYS",30,07/03/2020 00:00:00,"780791422070002187311","","","","","7808800107607" 
"7807913CL0001","7801434CL0001","002","93307000","SUPERMERCADOS MONTSERRAT S.A.C.","00033691450",02/12/2020 10:32:00,"DAYS",60,02/17/2020 00:00:00,"780791322000033691450","","","","","7808800016008" 
"7807913CL0001","7801434CL0001","002","93307000","SUPERMERCADOS MONTSERRAT S.A.C.","00033870640",03/30/2020 10:32:00,"DAYS",60,04/06/2020 00:00:00,"780791322000033870640","","","","","7808800125588" 
"7807913CL0001","7801434CL0001","002","93307000","SUPERMERCADOS MONTSERRAT S.A.C.","00034061460",07/06/2020 10:32:00,"DAYS",60,07/13/2020 00:00:00,"780791322000034061460","","","","","7808810008406" 
"7807913CL0001","7801434CL0001","002","93307000","SUPERMERCADOS MONTSERRAT S.A.C.","00033765240",02/29/2020 10:32:00,"DAYS",60,03/02/2020 00:00:00,"780791322000033765240","","","","","7808800001332" 
"7807913CL0001","7801434CL0001","002","93307000","SUPERMERCADOS MONTSERRAT S.A.C.","00033529400",01/03/2020 11:22:00,"DAYS",60,01/06/2020 00:00:00,"780791322000033529400","","","","","7808800120507" 
"7807913CL0001","7801434CL0001","002","93307000","SUPERMERCADOS MONTSERRAT S.A.C.","00033924060",04/15/2020 10:32:00,"DAYS",60,04/20/2020 00:00:00,"780791322000033924060","","","","","7808800108642" 
"7807913CL0001","7801434CL0001","002","93307000","SUPERMERCADOS MONTSERRAT S.A.C.","00033848260",03/24/2020 10:32:00,"DAYS",60,03/30/2020 00:00:00,"780791322000033848260","","","","","7808800123072" 
"7807913CL0001","7801434CL0001","002","93307000","SUPERMERCADOS MONTSERRAT S.A.C.","00034052980",06/25/2020 10:32:00,"DAYS",60,06/29/2020 00:00:00,"780791322000034052980","","","","","7808810008406" 
"7807913CL0001","7801434CL0001","002","93307000","SUPERMERCADOS MONTSERRAT S.A.C.","00033892430",04/03/2020 13:52:00,"DAYS",60,04/06/2020 00:00:00,"780791322000033892430","","","","","7808810007126" 
"7807913CL0001","7801434CL0001","002","93307000","SUPERMERCADOS MONTSERRAT S.A.C.","00033769980",03/02/2020 10:53:00,"DAYS",60,03/09/2020 00:00:00,"780791322000033769980","","","","","7808810008406" 
"7807913CL0001","7801434CL0001","002","93307000","SUPERMERCADOS MONTSERRAT S.A.C.","00033535810",01/06/2020 10:32:00,"DAYS",60,01/13/2020 00:00:00,"780791322000033535810","","","","","7808810007096" 
"7807913CL0001","7801434CL0001","002","93307000","SUPERMERCADOS MONTSERRAT S.A.C.","00033875520",03/30/2020 14:34:00,"DAYS",60,04/06/2020 00:00:00,"780791322000033875520","","","","","7808810008383" 
"7807913CL0001","7801434CL0001","002","93307000","SUPERMERCADOS MONTSERRAT S.A.C.","00033852630",03/24/2020 17:30:00,"DAYS",60,03/26/2020 00:00:00,"780791322000033852630","","","","","7808810005658" 
"7808800117842","7801434CL0001","002","","","70002196766",07/06/2020 00:00:00,"DAYS",30,07/10/2020 00:00:00,"780791422070002196766","","","","","7807975001925" 
"7807913CL0001","7801434CL0001","002","93307000","SUPERMERCADOS MONTSERRAT S.A.C.","00033772070",03/02/2020 13:34:00,"DAYS",60,03/09/2020 00:00:00,"780791322000033772070","","","","","7808800076491" 
"7807913CL0001","7801434CL0001","002","93307000","SUPERMERCADOS MONTSERRAT S.A.C.","00033551550",01/09/2020 10:32:00,"DAYS",60,01/13/2020 00:00:00,"780791322000033551550","","","","","7808800109915" 
"7808800117842","7801434CL0001","002","","","70002134066",05/25/2020 00:00:00,"DAYS",30,05/29/2020 00:00:00,"780791422070002134066","","","","","7807975001925" 
"7807913CL0001","7801434CL0001","002","93307000","SUPERMERCADOS MONTSERRAT S.A.C.","00033742290",02/24/2020 13:19:00,"DAYS",60,03/02/2020 00:00:00,"780791322000033742290","","","","","7808810008406" 
"7808800117842","7801434CL0001","002","","","47609468411",03/14/2020 00:00:00,"DAYS",30,03/16/2020 00:00:00,"780791422047609468411","","","","","7807975000089" 
"7807913CL0001","7801434CL0001","002","93307000","SUPERMERCADOS MONTSERRAT S.A.C.","00033847160",03/23/2020 14:24:00,"DAYS",60,04/06/2020 00:00:00,"780791322000033847160","","","","","7808800120507" 
"7807913CL0001","7801434CL0001","002","93307000","SUPERMERCADOS MONTSERRAT S.A.C.","00034083270",08/01/2020 13:17:00,"DAYS",60,08/10/2020 00:00:00,"780791322000034083270","","","","","7808800120507" 
"7807913CL0001","7801434CL0001","002","93307000","SUPERMERCADOS MONTSERRAT S.A.C.","00033553570",01/09/2020 10:33:00,"DAYS",60,01/13/2020 00:00:00,"780791322000033553570","","","","","7808800001349" 
"7807913CL0001","7801434CL0001","002","93307000","SUPERMERCADOS MONTSERRAT S.A.C.","00033962240",04/29/2020 10:32:00,"DAYS",60,05/04/2020 00:00:00,"780791322000033962240","","","","","7808800001332" 
"7807913CL0001","7801434CL0001","002","93307000","SUPERMERCADOS MONTSERRAT S.A.C.","00033550430",01/08/2020 15:19:00,"DAYS",60,01/13/2020 00:00:00,"780791322000033550430","","","","","7808800120507" 
"7807913CL0001","7801434CL0001","002","93307000","SUPERMERCADOS MONTSERRAT S.A.C.","00034067190",07/13/2020 10:32:00,"DAYS",60,07/20/2020 00:00:00,"780791322000034067190","","","","","7808800120507" 
"7807913CL0001","7801434CL0001","002","93307000","SUPERMERCADOS MONTSERRAT S.A.C.","00033932530",04/17/2020 10:57:00,"DAYS",60,04/20/2020 00:00:00,"780791322000033932530","","","","","7808800001356" 
"7807913CL0001","7801434CL0001","002","93307000","SUPERMERCADOS MONTSERRAT S.A.C.","00033709940",02/17/2020 10:33:00,"DAYS",60,02/24/2020 00:00:00,"780791322000033709940","","","","","7808810008406" 
"7808800117842","7801434CL0001","002","","","47616120066",04/13/2020 00:00:00,"DAYS",30,04/14/2020 00:00:00,"780791422047616120066","","","","","7807975000423" 
"7807913CL0001","7801434CL0001","002","93307000","SUPERMERCADOS MONTSERRAT S.A.C.","00033989500",05/12/2020 10:32:00,"DAYS",60,05/18/2020 00:00:00,"780791322000033989500","","","","","7808810008383" 
"7807913CL0001","7801434CL0001","002","93307000","SUPERMERCADOS MONTSERRAT S.A.C.","00033812960",03/13/2020 10:53:00,"DAYS",60,03/16/2020 00:00:00,"780791322000033812960","","","","","7808810005658" 
"7808800117842","7801434CL0001","002","","","70002237288",08/03/2020 00:00:00,"DAYS",30,08/07/2020 00:00:00,"780791422070002237288","","","","","7807975001925" 
"7807913CL0001","7801434CL0001","002","93307000","SUPERMERCADOS MONTSERRAT S.A.C.","00033592260",01/20/2020 10:43:00,"DAYS",60,01/27/2020 00:00:00,"780791322000033592260","","","","","7808810005672" 
"7807913CL0001","7801434CL0001","002","93307000","SUPERMERCADOS MONTSERRAT S.A.C.","00033525090",01/02/2020 10:32:00,"DAYS",60,01/06/2020 00:00:00,"780791322000033525090","","","","","7808810005672" 
"7807913CL0001","7801434CL0001","002","93307000","SUPERMERCADOS MONTSERRAT S.A.C.","00033937640",04/20/2020 10:33:00,"DAYS",60,04/27/2020 00:00:00,"780791322000033937640","","","","","7808810005672" 
"7807913CL0001","7801434CL0001","002","93307000","SUPERMERCADOS MONTSERRAT S.A.C.","00033932540",04/17/2020 10:57:00,"DAYS",60,04/20/2020 00:00:00,"780791322000033932540","","","","","7808800001356" 
"7807913CL0001","7801434CL0001","002","93307000","SUPERMERCADOS MONTSERRAT S.A.C.","00033947980",04/22/2020 16:30:00,"DAYS",60,04/24/2020 00:00:00,"780791322000033947980","","","","","7808810005658" 
"7807913CL0001","7801434CL0001","002","93307000","SUPERMERCADOS MONTSERRAT S.A.C.","00033709930",02/17/2020 10:33:00,"DAYS",60,02/24/2020 00:00:00,"780791322000033709930","","","","","7808810008406" 
"7807913CL0001","7801434CL0001","002","93307000","SUPERMERCADOS MONTSERRAT S.A.C.","00034027170",06/02/2020 16:02:00,"DAYS",60,06/08/2020 00:00:00,"780791322000034027170","","","","","7808810008383" 
"7807913CL0001","7801434CL0001","002","93307000","SUPERMERCADOS MONTSERRAT S.A.C.","00033808680",03/12/2020 10:32:00,"DAYS",60,03/16/2020 00:00:00,"780791322000033808680","","","","","7808800108642" 
"7807913CL0001","7801434CL0001","002","93307000","SUPERMERCADOS MONTSERRAT S.A.C.","00033774270",03/03/2020 10:32:00,"DAYS",60,03/09/2020 00:00:00,"780791322000033774270","","","","","7808810008390" 
"7807913CL0001","7801434CL0001","002","93307000","SUPERMERCADOS MONTSERRAT S.A.C.","00033744720",02/25/2020 10:32:00,"DAYS",60,03/02/2020 00:00:00,"780791322000033744720","","","","","7808800091081" 
"7807913CL0001","7801434CL0001","002","93307000","SUPERMERCADOS MONTSERRAT S.A.C.","00033550440",01/08/2020 15:19:00,"DAYS",60,01/13/2020 00:00:00,"780791322000033550440","","","","","7808800120507" 
"7807913CL0001","7801434CL0001","002","93307000","SUPERMERCADOS MONTSERRAT S.A.C.","00033529090",01/03/2020 10:47:00,"DAYS",60,01/06/2020 00:00:00,"780791322000033529090","","","","","7808810008383" 
"7807913CL0001","7801434CL0001","002","93307000","SUPERMERCADOS MONTSERRAT S.A.C.","00034001420",05/18/2020 10:32:00,"DAYS",60,05/25/2020 00:00:00,"780791322000034001420","","","","","7808800125588" 
"7807913CL0001","7801434CL0001","002","93307000","SUPERMERCADOS MONTSERRAT S.A.C.","00033568510",01/13/2020 14:59:00,"DAYS",60,01/20/2020 00:00:00,"780791322000033568510","","","","","7808810007003" 
"7807913CL0001","7801434CL0001","002","93307000","SUPERMERCADOS MONTSERRAT S.A.C.","00033887000",04/02/2020 10:32:00,"DAYS",60,04/06/2020 00:00:00,"780791322000033887000","","","","","7808800120507" 
"7807913CL0001","7801434CL0001","002","93307000","SUPERMERCADOS MONTSERRAT S.A.C.","00033935010",04/20/2020 10:32:00,"DAYS",60,04/27/2020 00:00:00,"780791322000033935010","","","","","7808810005634" 
"7807913CL0001","7801434CL0001","002","93307000","SUPERMERCADOS MONTSERRAT S.A.C.","00033537470",01/06/2020 11:03:00,"DAYS",60,01/13/2020 00:00:00,"780791322000033537470","","","","","7808810008390" 
"7807913CL0001","7801434CL0001","002","93307000","SUPERMERCADOS MONTSERRAT S.A.C.","00033846700",03/23/2020 14:04:00,"DAYS",60,03/30/2020 00:00:00,"780791322000033846700","","","","","7808800125588" 
"7807913CL0001","7801434CL0001","002","93307000","SUPERMERCADOS MONTSERRAT S.A.C.","00033847150",03/23/2020 14:19:00,"DAYS",60,03/30/2020 00:00:00,"780791322000033847150","","","","","7808800120507" 
"7807913CL0001","7801434CL0001","002","93307000","SUPERMERCADOS MONTSERRAT S.A.C.","00033651650",02/01/2020 14:47:00,"DAYS",60,02/03/2020 00:00:00,"780791322000033651650","","","","","7808800091081" 
"7807913CL0001","7801434CL0001","002","93307000","SUPERMERCADOS MONTSERRAT S.A.C.","00034042860",06/16/2020 10:32:00,"DAYS",60,06/22/2020 00:00:00,"780791322000034042860","","","","","7808810008406" 
"7807913CL0001","7801434CL0001","002","93307000","SUPERMERCADOS MONTSERRAT S.A.C.","00034074100",07/22/2020 10:32:00,"DAYS",60,07/27/2020 00:00:00,"780791322000034074100","","","","","7808800120507" 
"7807913CL0001","7801434CL0001","002","93307000","SUPERMERCADOS MONTSERRAT S.A.C.","00034055660",06/30/2020 11:22:00,"DAYS",60,07/06/2020 00:00:00,"780791322000034055660","","","","","7808800120507" 
"7807913CL0001","7801434CL0001","002","93307000","SUPERMERCADOS MONTSERRAT S.A.C.","00033528240",01/03/2020 10:32:00,"DAYS",60,01/06/2020 00:00:00,"780791322000033528240","","","","","7808800016008" 
"7807913CL0001","7801434CL0001","002","93307000","SUPERMERCADOS MONTSERRAT S.A.C.","00033828510",03/18/2020 10:34:00,"DAYS",60,03/23/2020 00:00:00,"780791322000033828510","","","","","7808810008406" 
"7807913CL0001","7801434CL0001","002","93307000","SUPERMERCADOS MONTSERRAT S.A.C.","00033596390",01/20/2020 14:05:00,"DAYS",60,02/03/2020 00:00:00,"780791322000033596390","","","","","7808800121368" 
"7807913CL0001","7801434CL0001","002","93307000","SUPERMERCADOS MONTSERRAT S.A.C.","00033812880",03/13/2020 10:53:00,"DAYS",60,03/16/2020 00:00:00,"780791322000033812880","","","","","7808810005658" 
"7807913CL0001","7801434CL0001","002","93307000","SUPERMERCADOS MONTSERRAT S.A.C.","00033775320",03/03/2020 10:32:00,"DAYS",60,03/09/2020 00:00:00,"780791322000033775320","","","","","7808800121375" 
"7807913CL0001","7801434CL0001","002","93307000","SUPERMERCADOS MONTSERRAT S.A.C.","00033899490",04/06/2020 12:59:00,"DAYS",60,04/13/2020 00:00:00,"780791322000033899490","","","","","7808810005658" 
"7807913CL0001","7801434CL0001","002","93307000","SUPERMERCADOS MONTSERRAT S.A.C.","00033841070",03/23/2020 10:32:00,"DAYS",60,03/30/2020 00:00:00,"780791322000033841070","","","","","7808800001332" 
"7807913CL0001","7801434CL0001","002","93307000","SUPERMERCADOS MONTSERRAT S.A.C.","00033580220",01/16/2020 10:32:00,"DAYS",60,01/20/2020 00:00:00,"780791322000033580220","","","","","7808800001332" 
"7807913CL0001","7801434CL0001","002","93307000","SUPERMERCADOS MONTSERRAT S.A.C.","00033816950",03/16/2020 10:32:00,"DAYS",60,03/23/2020 00:00:00,"780791322000033816950","","","","","7808810008390" 
"7807913CL0001","7801434CL0001","002","93307000","SUPERMERCADOS MONTSERRAT S.A.C.","00033682700",02/10/2020 10:32:00,"DAYS",60,02/17/2020 00:00:00,"780791322000033682700","","","","","7808800123072" 
"7807913CL0001","7801434CL0001","002","93307000","SUPERMERCADOS MONTSERRAT S.A.C.","00033967110",05/02/2020 13:07:00,"DAYS",60,05/04/2020 00:00:00,"780791322000033967110","","","","","7808800120507" 
"7807913CL0001","7801434CL0001","002","93307000","SUPERMERCADOS MONTSERRAT S.A.C.","00033934140",04/19/2020 10:32:00,"DAYS",60,04/20/2020 00:00:00,"780791322000033934140","","","","","7808800123072" 
"7807913CL0001","7801434CL0001","002","93307000","SUPERMERCADOS MONTSERRAT S.A.C.","00033644940",01/30/2020 14:13:00,"DAYS",60,02/03/2020 00:00:00,"780791322000033644940","","","","","7808810008406" 
"7808800117842","7801434CL0001","002","","","70002101588",05/04/2020 00:00:00,"DAYS",30,05/08/2020 00:00:00,"780791422070002101588","","","","","7807975001925" 
"7808800117842","7801434CL0001","002","","","70002206911",07/13/2020 00:00:00,"DAYS",30,07/17/2020 00:00:00,"780791422070002206911","","","","","7807975001925" 
"7807913CL0001","7801434CL0001","002","93307000","SUPERMERCADOS MONTSERRAT S.A.C.","00033620790",01/27/2020 10:32:00,"DAYS",60,02/03/2020 00:00:00,"780791322000033620790","","","","","7808810008390" 
"7807913CL0001","7801434CL0001","002","93307000","SUPERMERCADOS MONTSERRAT S.A.C.","00034041660",06/15/2020 10:32:00,"DAYS",60,06/22/2020 00:00:00,"780791322000034041660","","","","","7808800120507" 
"7807913CL0001","7801434CL0001","002","93307000","SUPERMERCADOS MONTSERRAT S.A.C.","00033947970",04/22/2020 16:30:00,"DAYS",60,04/24/2020 00:00:00,"780791322000033947970","","","","","7808810005658" 
"7807913CL0001","7801434CL0001","002","93307000","SUPERMERCADOS MONTSERRAT S.A.C.","00034078250",07/28/2020 10:32:00,"DAYS",60,08/03/2020 00:00:00,"780791322000034078250","","","","","7808800120507" 
"7807913CL0001","7801434CL0001","002","93307000","SUPERMERCADOS MONTSERRAT S.A.C.","00034001370",05/18/2020 10:32:00,"DAYS",60,05/25/2020 00:00:00,"780791322000034001370","","","","","7808810008406" 
"7808800117842","7801434CL0001","002","","","47610864122",03/19/2020 00:00:00,"DAYS",30,03/21/2020 00:00:00,"780791422047610864122","","","","","7808800108130" 
"7807913CL0001","7801434CL0001","002","93307000","SUPERMERCADOS MONTSERRAT S.A.C.","00033898940",04/06/2020 08:30:00,"DAYS",60,04/08/2020 00:00:00,"780791322000033898940","","","","","7808810005658" 
"7807913CL0001","7801434CL0001","002","93307000","SUPERMERCADOS MONTSERRAT S.A.C.","00033954360",04/26/2020 10:32:00,"DAYS",60,04/27/2020 00:00:00,"780791322000033954360","","","","","7808800123072" 
"7807913CL0001","7801434CL0001","002","93307000","SUPERMERCADOS MONTSERRAT S.A.C.","00033849520",03/24/2020 10:47:00,"DAYS",60,03/30/2020 00:00:00,"780791322000033849520","","","","","7808810005658" 
"7807913CL0001","7801434CL0001","002","93307000","SUPERMERCADOS MONTSERRAT S.A.C.","00034040530",06/14/2020 10:32:00,"DAYS",60,06/15/2020 00:00:00,"780791322000034040530","","","","","7808800123072" 
"7807913CL0001","7801434CL0001","002","93307000","SUPERMERCADOS MONTSERRAT S.A.C.","00033769910",03/02/2020 10:48:00,"DAYS",60,03/09/2020 00:00:00,"780791322000033769910","","","","","7808800120507" 
"7808800117842","7801434CL0001","002","","","70002248577",08/10/2020 00:00:00,"DAYS",30,08/14/2020 00:00:00,"780791422070002248577","","","","","7808800107607" 
"7807913CL0001","7801434CL0001","002","93307000","SUPERMERCADOS MONTSERRAT S.A.C.","00033561170",01/12/2020 10:32:00,"DAYS",60,01/20/2020 00:00:00,"780791322000033561170","","","","","7808800109915" 
"7807913CL0001","7801434CL0001","002","93307000","SUPERMERCADOS MONTSERRAT S.A.C.","00033901460",04/07/2020 10:32:00,"DAYS",60,04/13/2020 00:00:00,"780791322000033901460","","","","","7808800001332" 
"7808800117842","7801434CL0001","002","","","47636024288",07/08/2020 00:00:00,"DAYS",30,07/11/2020 00:00:00,"780791422047636024288","","","","","7807975000287" 
"7808800117842","7801434CL0001","002","","","70002082733",04/20/2020 00:00:00,"DAYS",30,04/24/2020 00:00:00,"780791422070002082733","","","","","7808800107607" 
"7807913CL0001","7801434CL0001","002","93307000","SUPERMERCADOS MONTSERRAT S.A.C.","00033537460",01/06/2020 11:03:00,"DAYS",60,01/13/2020 00:00:00,"780791322000033537460","","","","","7808810008390" 
"7807913CL0001","7801434CL0001","002","93307000","SUPERMERCADOS MONTSERRAT S.A.C.","00033529080",01/03/2020 10:42:00,"DAYS",60,01/06/2020 00:00:00,"780791322000033529080","","","","","7808810008383" 
"7808800117842","7801434CL0001","002","","","70002155266",06/08/2020 00:00:00,"DAYS",30,06/12/2020 00:00:00,"780791422070002155266","","","","","7808800107607" 
"7807913CL0001","7801434CL0001","002","93307000","SUPERMERCADOS MONTSERRAT S.A.C.","00033585810",01/17/2020 14:58:00,"DAYS",60,01/20/2020 00:00:00,"780791322000033585810","","","","","7808810008390" 
"7808800117842","7801434CL0001","002","","","70002075533",04/13/2020 00:00:00,"DAYS",30,04/17/2020 00:00:00,"780791422070002075533","","","","","7808800107607" 
"7807913CL0001","7801434CL0001","002","93307000","SUPERMERCADOS MONTSERRAT S.A.C.","00033815950",03/15/2020 10:32:00,"DAYS",60,03/16/2020 00:00:00,"780791322000033815950","","","","","7808810007010" 
"7807913CL0001","7801434CL0001","002","93307000","SUPERMERCADOS MONTSERRAT S.A.C.","00034013640",05/25/2020 10:32:00,"DAYS",60,06/01/2020 00:00:00,"780791322000034013640","","","","","7808800120507" 
"7807913CL0001","7801434CL0001","002","93307000","SUPERMERCADOS MONTSERRAT S.A.C.","00033546250",01/08/2020 10:32:00,"DAYS",60,01/13/2020 00:00:00,"780791322000033546250","","","","","7808800001356" 
"7807913CL0001","7801434CL0001","002","93307000","SUPERMERCADOS MONTSERRAT S.A.C.","00033947990",04/22/2020 16:30:00,"DAYS",60,04/24/2020 00:00:00,"780791322000033947990","","","","","7808810005658" 
"7807913CL0001","7801434CL0001","002","93307000","SUPERMERCADOS MONTSERRAT S.A.C.","00034027160",06/02/2020 16:02:00,"DAYS",60,06/08/2020 00:00:00,"780791322000034027160","","","","","7808810008383" 
"7807913CL0001","7801434CL0001","002","93307000","SUPERMERCADOS MONTSERRAT S.A.C.","00033550450",01/08/2020 15:19:00,"DAYS",60,01/13/2020 00:00:00,"780791322000033550450","","","","","7808800120507" 
"7807913CL0001","7801434CL0001","002","93307000","SUPERMERCADOS MONTSERRAT S.A.C.","00033948920",04/23/2020 10:32:00,"DAYS",60,04/27/2020 00:00:00,"780791322000033948920","","","","","7808810008383" 
"7807913CL0001","7801434CL0001","002","93307000","SUPERMERCADOS MONTSERRAT S.A.C.","00033828500",03/18/2020 10:34:00,"DAYS",60,03/23/2020 00:00:00,"780791322000033828500","","","","","7808810008406" 
"7807913CL0001","7801434CL0001","002","93307000","SUPERMERCADOS MONTSERRAT S.A.C.","00033735870",02/24/2020 10:32:00,"DAYS",60,03/02/2020 00:00:00,"780791322000033735870","","","","","7808810005634" 
"7807913CL0001","7801434CL0001","002","93307000","SUPERMERCADOS MONTSERRAT S.A.C.","00033528250",01/03/2020 10:32:00,"DAYS",60,01/06/2020 00:00:00,"780791322000033528250","","","","","7808800016008" 
"7807913CL0001","7801434CL0001","002","93307000","SUPERMERCADOS MONTSERRAT S.A.C.","00033589550",01/20/2020 10:32:00,"DAYS",60,01/27/2020 00:00:00,"780791322000033589550","","","","","7808810005658" 
"7807913CL0001","7801434CL0001","002","93307000","SUPERMERCADOS MONTSERRAT S.A.C.","00033596380",01/20/2020 14:05:00,"DAYS",60,01/27/2020 00:00:00,"780791322000033596380","","","","","7808800121368" 
"7807913CL0001","7801434CL0001","002","93307000","SUPERMERCADOS MONTSERRAT S.A.C.","00033552400",01/09/2020 10:32:00,"DAYS",60,01/13/2020 00:00:00,"780791322000033552400","","","","","7808800109915" 
"7808800117842","7801434CL0001","002","","","70002048577",04/01/2020 00:00:00,"DAYS",30,04/03/2020 00:00:00,"780791422070002048577","","","","","7807975001925" 
"7807913CL0001","7801434CL0001","002","93307000","SUPERMERCADOS MONTSERRAT S.A.C.","00033942870",04/21/2020 11:22:00,"DAYS",60,04/27/2020 00:00:00,"780791322000033942870","","","","","7808800120507" 
"7808800117842","7801434CL0001","002","","","70002048588",04/01/2020 00:00:00,"DAYS",30,04/06/2020 00:00:00,"780791422070002048588","","","","","7808800107607" 
"7807913CL0001","7801434CL0001","002","93307000","SUPERMERCADOS MONTSERRAT S.A.C.","00033557780",01/10/2020 10:57:00,"DAYS",60,01/20/2020 00:00:00,"780791322000033557780","","","","","7808800001332" 
"7807913CL0001","7801434CL0001","002","93307000","SUPERMERCADOS MONTSERRAT S.A.C.","00033685240",02/10/2020 13:53:00,"DAYS",60,02/17/2020 00:00:00,"780791322000033685240","","","","","7808800108642" 
"7808800117842","7801434CL0001","002","","","70002114222",05/11/2020 00:00:00,"DAYS",30,05/15/2020 00:00:00,"780791422070002114222","","","","","7807975001925" 
"7808800117842","7801434CL0001","002","","","47609231277",03/13/2020 00:00:00,"DAYS",30,03/14/2020 00:00:00,"780791422047609231277","","","","","7808800098042" 
"7807913CL0001","7801434CL0001","002","93307000","SUPERMERCADOS MONTSERRAT S.A.C.","00033847140",03/23/2020 14:19:00,"DAYS",60,03/30/2020 00:00:00,"780791322000033847140","","","","","7808800120507" 
"7808800117842","7801434CL0001","002","","","47610087566",03/17/2020 00:00:00,"DAYS",30,03/18/2020 00:00:00,"780791422047610087566","","","","","7808800098042" 
"7808800117842","7801434CL0001","002","","","70002123399",05/18/2020 00:00:00,"DAYS",30,05/22/2020 00:00:00,"780791422070002123399","","","","","7807975001925" 
"7807913CL0001","7801434CL0001","002","93307000","SUPERMERCADOS MONTSERRAT S.A.C.","00034055670",06/30/2020 11:22:00,"DAYS",60,07/06/2020 00:00:00,"780791322000034055670","","","","","7808800120507" 
"7807913CL0001","7801434CL0001","002","93307000","SUPERMERCADOS MONTSERRAT S.A.C.","00034074110",07/22/2020 10:32:00,"DAYS",60,07/27/2020 00:00:00,"780791322000034074110","","","","","7808800120507" 
"7807913CL0001","7801434CL0001","002","93307000","SUPERMERCADOS MONTSERRAT S.A.C.","00033644950",01/30/2020 14:13:00,"DAYS",60,02/03/2020 00:00:00,"780791322000033644950","","","","","7808810008406" 
"7807913CL0001","7801434CL0001","002","93307000","SUPERMERCADOS MONTSERRAT S.A.C.","00033703480",02/14/2020 11:57:00,"DAYS",60,02/17/2020 00:00:00,"780791322000033703480","","","","","7808800125588" 
"7807913CL0001","7801434CL0001","002","93307000","SUPERMERCADOS MONTSERRAT S.A.C.","00033596370",01/20/2020 14:05:00,"DAYS",60,01/27/2020 00:00:00,"780791322000033596370","","","","","7808800121368" 
"7807913CL0001","7801434CL0001","002","93307000","SUPERMERCADOS MONTSERRAT S.A.C.","00033774300",03/03/2020 10:32:00,"DAYS",60,03/09/2020 00:00:00,"780791322000033774300","","","","","7808800108642" 
"7808800117842","7801434CL0001","002","","","70002046966",03/23/2020 00:00:00,"DAYS",30,03/27/2020 00:00:00,"780791422070002046966","","","","","7808800107607" 
"7807913CL0001","7801434CL0001","002","93307000","SUPERMERCADOS MONTSERRAT S.A.C.","00033870180",03/30/2020 10:32:00,"DAYS",60,04/06/2020 00:00:00,"780791322000033870180","","","","","7808800125588" 
"7807913CL0001","7801434CL0001","002","93307000","SUPERMERCADOS MONTSERRAT S.A.C.","00034055680",06/30/2020 11:22:00,"DAYS",60,07/06/2020 00:00:00,"780791322000034055680","","","","","7808800120507" 
"7807913CL0001","7801434CL0001","002","93307000","SUPERMERCADOS MONTSERRAT S.A.C.","00033932980",04/17/2020 11:22:00,"DAYS",60,04/20/2020 00:00:00,"780791322000033932980","","","","","7808810005658" 
"7807913CL0001","7801434CL0001","002","93307000","SUPERMERCADOS MONTSERRAT S.A.C.","00033580230",01/16/2020 10:32:00,"DAYS",60,01/20/2020 00:00:00,"780791322000033580230","","","","","7808800001332" 
"7807913CL0001","7801434CL0001","002","93307000","SUPERMERCADOS MONTSERRAT S.A.C.","00033899480",04/06/2020 12:59:00,"DAYS",60,04/13/2020 00:00:00,"780791322000033899480","","","","","7808810005658" 
"7807913CL0001","7801434CL0001","002","93307000","SUPERMERCADOS MONTSERRAT S.A.C.","00033725230",02/20/2020 10:32:00,"DAYS",60,02/24/2020 00:00:00,"780791322000033725230","","","","","7808800001332" 
"7807913CL0001","7801434CL0001","002","93307000","SUPERMERCADOS MONTSERRAT S.A.C.","00033967100",05/02/2020 13:07:00,"DAYS",60,05/04/2020 00:00:00,"780791322000033967100","","","","","7808800120507" 
"7807913CL0001","7801434CL0001","002","93307000","SUPERMERCADOS MONTSERRAT S.A.C.","00033903980",04/07/2020 12:08:00,"DAYS",60,04/13/2020 00:00:00,"780791322000033903980","","","","","7808810007003" 
"7807913CL0001","7801434CL0001","002","93307000","SUPERMERCADOS MONTSERRAT S.A.C.","00033568780",01/13/2020 15:44:00,"DAYS",60,01/20/2020 00:00:00,"780791322000033568780","","","","","7808810005634" 
"7807913CL0001","7801434CL0001","002","93307000","SUPERMERCADOS MONTSERRAT S.A.C.","00033563290",01/13/2020 10:32:00,"DAYS",60,01/20/2020 00:00:00,"780791322000033563290","","","","","7808810005689" 
"7807913CL0001","7801434CL0001","002","93307000","SUPERMERCADOS MONTSERRAT S.A.C.","00033592350",01/20/2020 10:48:00,"DAYS",60,01/27/2020 00:00:00,"780791322000033592350","","","","","7808810008383" 
"7807913CL0001","7801434CL0001","002","93307000","SUPERMERCADOS MONTSERRAT S.A.C.","00033802060",03/10/2020 15:19:00,"DAYS",60,03/16/2020 00:00:00,"780791322000033802060","","","","","7808810005658" 
"7807913CL0001","7801434CL0001","002","93307000","SUPERMERCADOS MONTSERRAT S.A.C.","00033876750",03/31/2020 10:32:00,"DAYS",60,04/06/2020 00:00:00,"780791322000033876750","","","","","7808800108642" 
"7807913CL0001","7801434CL0001","002","93307000","SUPERMERCADOS MONTSERRAT S.A.C.","00033944230",04/22/2020 10:32:00,"DAYS",60,04/27/2020 00:00:00,"780791322000033944230","","","","","7808810007126" 
"7807913CL0001","7801434CL0001","002","93307000","SUPERMERCADOS MONTSERRAT S.A.C.","00033969430",05/04/2020 10:54:00,"DAYS",60,05/11/2020 00:00:00,"780791322000033969430","","","","","7808800121368" 
"7807913CL0001","7801434CL0001","002","93307000","SUPERMERCADOS MONTSERRAT S.A.C.","00033561160",01/12/2020 10:32:00,"DAYS",60,01/20/2020 00:00:00,"780791322000033561160","","","","","7808800109915" 
"7807913CL0001","7801434CL0001","002","93307000","SUPERMERCADOS MONTSERRAT S.A.C.","00034071640",07/20/2020 10:32:00,"DAYS",60,07/27/2020 00:00:00,"780791322000034071640","","","","","7808810005719" 
"7807913CL0001","7801434CL0001","002","93307000","SUPERMERCADOS MONTSERRAT S.A.C.","00034015100",05/26/2020 10:32:00,"DAYS",60,06/01/2020 00:00:00,"780791322000034015100","","","","","7808800125588" 
"7807913CL0001","7801434CL0001","002","93307000","SUPERMERCADOS MONTSERRAT S.A.C.","00034041670",06/15/2020 10:32:00,"DAYS",60,06/22/2020 00:00:00,"780791322000034041670","","","","","7808800120507" 
"7807913CL0001","7801434CL0001","002","93307000","SUPERMERCADOS MONTSERRAT S.A.C.","00033774140",03/03/2020 10:32:00,"DAYS",60,03/09/2020 00:00:00,"780791322000033774140","","","","","7808800108642" 
"7807913CL0001","7801434CL0001","002","93307000","SUPERMERCADOS MONTSERRAT S.A.C.","00034014780",05/25/2020 17:23:00,"DAYS",60,06/01/2020 00:00:00,"780791322000034014780","","","","","7808800123072" 
"7807913CL0001","7801434CL0001","002","93307000","SUPERMERCADOS MONTSERRAT S.A.C.","00033553190",01/09/2020 10:33:00,"DAYS",60,01/13/2020 00:00:00,"780791322000033553190","","","","","7808800001332" 
"7807913CL0001","7801434CL0001","002","93307000","SUPERMERCADOS MONTSERRAT S.A.C.","00034077220",07/27/2020 10:32:00,"DAYS",60,08/03/2020 00:00:00,"780791322000034077220","","","","","7808800125588" 
"7808800117842","7801434CL0001","002","","","70002177299",06/22/2020 00:00:00,"DAYS",30,06/26/2020 00:00:00,"780791422070002177299","","","","","7807975001925" 
"7807913CL0001","7801434CL0001","002","93307000","SUPERMERCADOS MONTSERRAT S.A.C.","00033972950",05/05/2020 10:32:00,"DAYS",60,05/11/2020 00:00:00,"780791322000033972950","","","","","7808800108642" 
"7807913CL0001","7801434CL0001","002","93307000","SUPERMERCADOS MONTSERRAT S.A.C.","00033897190",04/06/2020 10:33:00,"DAYS",60,04/13/2020 00:00:00,"780791322000033897190","","","","","7808800108642" 
"7807913CL0001","7801434CL0001","002","93307000","SUPERMERCADOS MONTSERRAT S.A.C.","00033794680",03/09/2020 10:33:00,"DAYS",60,03/16/2020 00:00:00,"780791322000033794680","","","","","7808810008406" 
"7807913CL0001","7801434CL0001","002","93307000","SUPERMERCADOS MONTSERRAT S.A.C.","00033939820",04/20/2020 11:59:00,"DAYS",60,04/27/2020 00:00:00,"780791322000033939820","","","","","7808800125588" 
"7807913CL0001","7801434CL0001","002","93307000","SUPERMERCADOS MONTSERRAT S.A.C.","00033922490",04/14/2020 11:48:00,"DAYS",60,04/20/2020 00:00:00,"780791322000033922490","","","","","7808810005658" 
"7807913CL0001","7801434CL0001","002","93307000","SUPERMERCADOS MONTSERRAT S.A.C.","00034014740",05/25/2020 17:18:00,"DAYS",60,06/01/2020 00:00:00,"780791322000034014740","","","","","7808800123072" 
"7807913CL0001","7801434CL0001","002","93307000","SUPERMERCADOS MONTSERRAT S.A.C.","00033944240",04/22/2020 10:32:00,"DAYS",60,04/27/2020 00:00:00,"780791322000033944240","","","","","7808810007126" 
"7807913CL0001","7801434CL0001","002","93307000","SUPERMERCADOS MONTSERRAT S.A.C.","00034032900",06/08/2020 10:33:00,"DAYS",60,06/15/2020 00:00:00,"780791322000034032900","","","","","7808800125588" 
"7807913CL0001","7801434CL0001","002","93307000","SUPERMERCADOS MONTSERRAT S.A.C.","00033544770",01/07/2020 15:18:00,"DAYS",60,01/13/2020 00:00:00,"780791322000033544770","","","","","7808810005719" 
"7807913CL0001","7801434CL0001","002","93307000","SUPERMERCADOS MONTSERRAT S.A.C.","00033873820",03/30/2020 11:29:00,"DAYS",60,04/06/2020 00:00:00,"780791322000033873820","","","","","7808810008406" 
"7807913CL0001","7801434CL0001","002","93307000","SUPERMERCADOS MONTSERRAT S.A.C.","00033742270",02/24/2020 13:19:00,"DAYS",60,03/02/2020 00:00:00,"780791322000033742270","","","","","7808810008406" 
"7808800117842","7801434CL0001","002","","","70002065344",04/07/2020 00:00:00,"DAYS",30,04/09/2020 00:00:00,"780791422070002065344","","","","","7807975001925" 
"7808800117842","7801434CL0001","002","","","70002047777",03/24/2020 00:00:00,"DAYS",30,03/27/2020 00:00:00,"780791422070002047777","","","","","7808800107607" 
"7807913CL0001","7801434CL0001","002","93307000","SUPERMERCADOS MONTSERRAT S.A.C.","00033599800",01/21/2020 13:00:00,"DAYS",60,01/23/2020 00:00:00,"780791322000033599800","","","","","7808810005658" 
"7807913CL0001","7801434CL0001","002","93307000","SUPERMERCADOS MONTSERRAT S.A.C.","00034007420",05/20/2020 10:32:00,"DAYS",60,05/25/2020 00:00:00,"780791322000034007420","","","","","7808810008383" 
"7807913CL0001","7801434CL0001","002","93307000","SUPERMERCADOS MONTSERRAT S.A.C.","00033707010",02/15/2020 15:12:00,"DAYS",60,02/17/2020 00:00:00,"780791322000033707010","","","","","7808810005672" 
"7808800117842","7801434CL0001","002","","","47610498066",03/18/2020 00:00:00,"DAYS",30,03/20/2020 00:00:00,"780791422047610498066","","","","","7808800104026" 
"7807913CL0001","7801434CL0001","002","93307000","SUPERMERCADOS MONTSERRAT S.A.C.","00033918640",04/13/2020 14:14:00,"DAYS",60,04/20/2020 00:00:00,"780791322000033918640","","","","","7808800115732" 
"7807913CL0001","7801434CL0001","002","93307000","SUPERMERCADOS MONTSERRAT S.A.C.","00033876560",03/31/2020 10:32:00,"DAYS",60,04/06/2020 00:00:00,"780791322000033876560","","","","","7808800108642" 
"7807913CL0001","7801434CL0001","002","93307000","SUPERMERCADOS MONTSERRAT S.A.C.","00033529410",01/03/2020 11:22:00,"DAYS",60,01/06/2020 00:00:00,"780791322000033529410","","","","","7808800120507" 
"7807913CL0001","7801434CL0001","002","93307000","SUPERMERCADOS MONTSERRAT S.A.C.","00033935560",04/20/2020 10:32:00,"DAYS",60,04/27/2020 00:00:00,"780791322000033935560","","","","","7808800085820" 
"7807913CL0001","7801434CL0001","002","93307000","SUPERMERCADOS MONTSERRAT S.A.C.","00033922500",04/14/2020 11:48:00,"DAYS",60,04/20/2020 00:00:00,"780791322000033922500","","","","","7808810005658" 
"7807913CL0001","7801434CL0001","002","93307000","SUPERMERCADOS MONTSERRAT S.A.C.","00034015330",05/26/2020 10:32:00,"DAYS",60,06/01/2020 00:00:00,"780791322000034015330","","","","","7808800125588" 
"7807913CL0001","7801434CL0001","002","93307000","SUPERMERCADOS MONTSERRAT S.A.C.","00034052960",06/25/2020 10:32:00,"DAYS",60,06/29/2020 00:00:00,"780791322000034052960","","","","","7808810008406" 
"7807913CL0001","7801434CL0001","002","93307000","SUPERMERCADOS MONTSERRAT S.A.C.","00033550010",01/08/2020 13:18:00,"DAYS",60,01/13/2020 00:00:00,"780791322000033550010","","","","","7808810007126" 
"7807913CL0001","7801434CL0001","002","93307000","SUPERMERCADOS MONTSERRAT S.A.C.","00034001150",05/18/2020 10:32:00,"DAYS",60,05/25/2020 00:00:00,"780791322000034001150","","","","","7808800125588" 
"7807913CL0001","7801434CL0001","002","93307000","SUPERMERCADOS MONTSERRAT S.A.C.","00033934120",04/19/2020 10:32:00,"DAYS",60,04/20/2020 00:00:00,"780791322000033934120","","","","","7808800123072" 
"7807913CL0001","7801434CL0001","002","93307000","SUPERMERCADOS MONTSERRAT S.A.C.","00033553070",01/09/2020 10:33:00,"DAYS",60,01/13/2020 00:00:00,"780791322000033553070","","","","","7808800001332" 
"7807913CL0001","7801434CL0001","002","93307000","SUPERMERCADOS MONTSERRAT S.A.C.","00033691440",02/12/2020 10:32:00,"DAYS",60,02/17/2020 00:00:00,"780791322000033691440","","","","","7808800016008" 
"7807913CL0001","7801434CL0001","002","93307000","SUPERMERCADOS MONTSERRAT S.A.C.","00033843970",03/23/2020 10:33:00,"DAYS",60,03/30/2020 00:00:00,"780791322000033843970","","","","","7808800108642" 
"7807913CL0001","7801434CL0001","002","93307000","SUPERMERCADOS MONTSERRAT S.A.C.","00033852620",03/24/2020 17:30:00,"DAYS",60,03/26/2020 00:00:00,"780791322000033852620","","","","","7808810005658" 
"7807913CL0001","7801434CL0001","002","93307000","SUPERMERCADOS MONTSERRAT S.A.C.","00033819410",03/16/2020 12:18:00,"DAYS",60,03/23/2020 00:00:00,"780791322000033819410","","","","","7808800123072" 
"7807913CL0001","7801434CL0001","002","93307000","SUPERMERCADOS MONTSERRAT S.A.C.","00033568310",01/13/2020 14:49:00,"DAYS",60,01/20/2020 00:00:00,"780791322000033568310","","","","","7808810007003" 
"7807913CL0001","7801434CL0001","002","93307000","SUPERMERCADOS MONTSERRAT S.A.C.","00034094350",08/10/2020 11:52:00,"DAYS",60,08/17/2020 00:00:00,"780791322000034094350","","","","","7808800120507" 
"7808800117842","7801434CL0001","002","","","70002148400",06/02/2020 00:00:00,"DAYS",30,06/05/2020 00:00:00,"780791422070002148400","","","","","7807975001925" 
"7807913CL0001","7801434CL0001","002","93307000","SUPERMERCADOS MONTSERRAT S.A.C.","00033561400",01/13/2020 10:32:00,"DAYS",60,01/20/2020 00:00:00,"780791322000033561400","","","","","7808810008383" 
"7808800117842","7801434CL0001","002","","","70002171022",06/15/2020 00:00:00,"DAYS",30,06/19/2020 00:00:00,"780791422070002171022","","","","","7807975001925" 
"7807913CL0001","7801434CL0001","002","93307000","SUPERMERCADOS MONTSERRAT S.A.C.","00033712820",02/17/2020 13:30:00,"DAYS",90,02/19/2020 00:00:00,"780791322000033712820","","","","","7808810005658" 
"7807913CL0001","7801434CL0001","002","93307000","SUPERMERCADOS MONTSERRAT S.A.C.","00033873480",03/30/2020 11:18:00,"DAYS",60,04/06/2020 00:00:00,"780791322000033873480","","","","","7808810008406" 
"7807913CL0001","7801434CL0001","002","93307000","SUPERMERCADOS MONTSERRAT S.A.C.","00033941750",04/21/2020 10:32:00,"DAYS",60,04/27/2020 00:00:00,"780791322000033941750","","","","","7808800108642" 
"7807913CL0001","7801434CL0001","002","93307000","SUPERMERCADOS MONTSERRAT S.A.C.","00033568880",01/13/2020 15:44:00,"DAYS",60,01/20/2020 00:00:00,"780791322000033568880","","","","","7808810005634" 
"7808800117842","7801434CL0001","002","","","70002238399",08/03/2020 00:00:00,"DAYS",30,08/07/2020 00:00:00,"780791422070002238399","","","","","7808800107607" 
"7807913CL0001","7801434CL0001","002","93307000","SUPERMERCADOS MONTSERRAT S.A.C.","00034067180",07/13/2020 10:32:00,"DAYS",60,07/20/2020 00:00:00,"780791322000034067180","","","","","7808800120507" 
"7807913CL0001","7801434CL0001","002","93307000","SUPERMERCADOS MONTSERRAT S.A.C.","00033799270",03/10/2020 10:33:00,"DAYS",60,03/16/2020 00:00:00,"780791322000033799270","","","","","7808800120507" 
"7807913CL0001","7801434CL0001","002","93307000","SUPERMERCADOS MONTSERRAT S.A.C.","00033709950",02/17/2020 10:33:00,"DAYS",60,02/24/2020 00:00:00,"780791322000033709950","","","","","7808810008406" 
"7807913CL0001","7801434CL0001","002","93307000","SUPERMERCADOS MONTSERRAT S.A.C.","00034094340",08/10/2020 11:47:00,"DAYS",60,08/17/2020 00:00:00,"780791322000034094340","","","","","7808800120507" 
"7807913CL0001","7801434CL0001","002","93307000","SUPERMERCADOS MONTSERRAT S.A.C.","00033989510",05/12/2020 10:32:00,"DAYS",60,05/18/2020 00:00:00,"780791322000033989510","","","","","7808810008383" 
"7807913CL0001","7801434CL0001","002","93307000","SUPERMERCADOS MONTSERRAT S.A.C.","00034013630",05/25/2020 10:32:00,"DAYS",60,06/01/2020 00:00:00,"780791322000034013630","","","","","7808800120507" 
"7807913CL0001","7801434CL0001","002","93307000","SUPERMERCADOS MONTSERRAT S.A.C.","00034077100",07/27/2020 10:32:00,"DAYS",60,08/03/2020 00:00:00,"780791322000034077100","","","","","7808800125588" 
"7807913CL0001","7801434CL0001","002","93307000","SUPERMERCADOS MONTSERRAT S.A.C.","00033924230",04/15/2020 10:32:00,"DAYS",60,04/20/2020 00:00:00,"780791322000033924230","","","","","7808800108642" 
"7807913CL0001","7801434CL0001","002","93307000","SUPERMERCADOS MONTSERRAT S.A.C.","00033968750",05/04/2020 10:50:00,"DAYS",60,05/11/2020 00:00:00,"780791322000033968750","","","","","7808800125588" 
"7807913CL0001","7801434CL0001","002","93307000","SUPERMERCADOS MONTSERRAT S.A.C.","00033727830",02/20/2020 11:18:00,"DAYS",60,02/24/2020 00:00:00,"780791322000033727830","","","","","7808810005719" 
"7808800117842","7801434CL0001","002","","","47609236499",03/13/2020 00:00:00,"DAYS",30,03/16/2020 00:00:00,"780791422047609236499","","","","","7808800104026" 
"7807913CL0001","7801434CL0001","002","93307000","SUPERMERCADOS MONTSERRAT S.A.C.","00033962180",04/29/2020 10:32:00,"DAYS",60,05/04/2020 00:00:00,"780791322000033962180","","","","","7808800001332" 
"7807913CL0001","7801434CL0001","002","93307000","SUPERMERCADOS MONTSERRAT S.A.C.","00033897750",04/06/2020 10:58:00,"DAYS",60,04/13/2020 00:00:00,"780791322000033897750","","","","","7808810008406" 
"7807913CL0001","7801434CL0001","002","93307000","SUPERMERCADOS MONTSERRAT S.A.C.","00033990590",05/12/2020 11:47:00,"DAYS",60,05/18/2020 00:00:00,"780791322000033990590","","","","","7808800120507" 
"7807913CL0001","7801434CL0001","002","93307000","SUPERMERCADOS MONTSERRAT S.A.C.","00033936810",04/20/2020 10:33:00,"DAYS",60,04/27/2020 00:00:00,"780791322000033936810","","","","","7808800121368" 
"7807913CL0001","7801434CL0001","002","93307000","SUPERMERCADOS MONTSERRAT S.A.C.","00033563470",01/13/2020 10:32:00,"DAYS",60,01/20/2020 00:00:00,"780791322000033563470","","","","","7808800076491" 
"7808800117842","7801434CL0001","002","","","70002201299",07/07/2020 00:00:00,"DAYS",30,07/10/2020 00:00:00,"780791422070002201299","","","","","7808800107607" 
"7807913CL0001","7801434CL0001","002","93307000","SUPERMERCADOS MONTSERRAT S.A.C.","00033553300",01/09/2020 10:33:00,"DAYS",60,01/13/2020 00:00:00,"780791322000033553300","","","","","7808800001349" 
"7807913CL0001","7801434CL0001","002","93307000","SUPERMERCADOS MONTSERRAT S.A.C.","00033651660",02/01/2020 14:47:00,"DAYS",60,02/03/2020 00:00:00,"780791322000033651660","","","","","7808800091081" 
"7807913CL0001","7801434CL0001","002","93307000","SUPERMERCADOS MONTSERRAT S.A.C.","00033934690",04/20/2020 10:32:00,"DAYS",60,04/27/2020 00:00:00,"780791322000033934690","","","","","7808810005634" 
"7807913CL0001","7801434CL0001","002","93307000","SUPERMERCADOS MONTSERRAT S.A.C.","00033664290",02/05/2020 11:32:00,"DAYS",60,02/10/2020 00:00:00,"780791322000033664290","","","","","7808810008406" 
"7807913CL0001","7801434CL0001","002","93307000","SUPERMERCADOS MONTSERRAT S.A.C.","00033596400",01/20/2020 14:05:00,"DAYS",60,02/03/2020 00:00:00,"780791322000033596400","","","","","7808800121368" 
"7807913CL0001","7801434CL0001","002","93307000","SUPERMERCADOS MONTSERRAT S.A.C.","00033587070",01/18/2020 16:22:00,"DAYS",60,01/20/2020 00:00:00,"780791322000033587070","","","","","7808800109915" 
"7807913CL0001","7801434CL0001","002","93307000","SUPERMERCADOS MONTSERRAT S.A.C.","00034026500",06/02/2020 10:32:00,"DAYS",60,06/08/2020 00:00:00,"780791322000034026500","","","","","7808800120507" 
"7807913CL0001","7801434CL0001","002","93307000","SUPERMERCADOS MONTSERRAT S.A.C.","00033897690",04/06/2020 10:58:00,"DAYS",60,04/13/2020 00:00:00,"780791322000033897690","","","","","7808810008406" 
"7807913CL0001","7801434CL0001","002","93307000","SUPERMERCADOS MONTSERRAT S.A.C.","00033958000",04/27/2020 11:09:00,"DAYS",60,05/04/2020 00:00:00,"780791322000033958000","","","","","7808800085820" 
"7807913CL0001","7801434CL0001","002","93307000","SUPERMERCADOS MONTSERRAT S.A.C.","00033560260",01/10/2020 15:28:00,"DAYS",60,01/13/2020 00:00:00,"780791322000033560260","","","","","7808800121368" 
"7807913CL0001","7801434CL0001","002","93307000","SUPERMERCADOS MONTSERRAT S.A.C.","00033931980",04/17/2020 10:32:00,"DAYS",60,04/20/2020 00:00:00,"780791322000033931980","","","","","7808810008406" 
"7807913CL0001","7801434CL0001","002","93307000","SUPERMERCADOS MONTSERRAT S.A.C.","00034043480",06/16/2020 10:32:00,"DAYS",60,06/22/2020 00:00:00,"780791322000034043480","","","","","7808810008383" 
"7807913CL0001","7801434CL0001","002","93307000","SUPERMERCADOS MONTSERRAT S.A.C.","00033828310",03/18/2020 10:34:00,"DAYS",60,03/23/2020 00:00:00,"780791322000033828310","","","","","7808810008406" 
"7807913CL0001","7801434CL0001","002","93307000","SUPERMERCADOS MONTSERRAT S.A.C.","00034087590",08/05/2020 10:32:00,"DAYS",60,08/10/2020 00:00:00,"780791322000034087590","","","","","7808810008406" 
"7807913CL0001","7801434CL0001","002","93307000","SUPERMERCADOS MONTSERRAT S.A.C.","00033817050",03/16/2020 10:32:00,"DAYS",60,03/23/2020 00:00:00,"780791322000033817050","","","","","7808810008383" 
"7808800117842","7801434CL0001","002","","","70002066055",04/06/2020 00:00:00,"DAYS",30,04/10/2020 00:00:00,"780791422070002066055","","","","","7808800107607" 
"7807913CL0001","7801434CL0001","002","93307000","SUPERMERCADOS MONTSERRAT S.A.C.","00033620750",01/27/2020 10:32:00,"DAYS",60,02/03/2020 00:00:00,"780791322000033620750","","","","","7808810008390" 
"7807913CL0001","7801434CL0001","002","93307000","SUPERMERCADOS MONTSERRAT S.A.C.","00033960410",04/28/2020 10:32:00,"DAYS",60,05/04/2020 00:00:00,"780791322000033960410","","","","","7808800115732" 
"7807913CL0001","7801434CL0001","002","93307000","SUPERMERCADOS MONTSERRAT S.A.C.","00034067200",07/13/2020 10:32:00,"DAYS",60,07/20/2020 00:00:00,"780791322000034067200","","","","","7808800120507" 
"7807913CL0001","7801434CL0001","002","93307000","SUPERMERCADOS MONTSERRAT S.A.C.","00033774190",03/03/2020 10:32:00,"DAYS",60,03/09/2020 00:00:00,"780791322000033774190","","","","","7808810008390" 
"7807913CL0001","7801434CL0001","002","93307000","SUPERMERCADOS MONTSERRAT S.A.C.","00033769920",03/02/2020 10:48:00,"DAYS",60,03/09/2020 00:00:00,"780791322000033769920","","","","","7808800120507" 
"7807913CL0001","7801434CL0001","002","93307000","SUPERMERCADOS MONTSERRAT S.A.C.","00033808850",03/12/2020 10:32:00,"DAYS",60,03/16/2020 00:00:00,"780791322000033808850","","","","","7808800108642" 
"7807913CL0001","7801434CL0001","002","93307000","SUPERMERCADOS MONTSERRAT S.A.C.","00033576270",01/15/2020 12:13:00,"DAYS",60,01/20/2020 00:00:00,"780791322000033576270","","","","","7808810005719" 
"7807913CL0001","7801434CL0001","002","93307000","SUPERMERCADOS MONTSERRAT S.A.C.","00034035640",06/09/2020 10:32:00,"DAYS",60,06/15/2020 00:00:00,"780791322000034035640","","","","","7808800120507" 
"7807913CL0001","7801434CL0001","002","93307000","SUPERMERCADOS MONTSERRAT S.A.C.","00033560300",01/10/2020 15:28:00,"DAYS",60,01/20/2020 00:00:00,"780791322000033560300","","","","","7808800121368" 
"7807913CL0001","7801434CL0001","002","93307000","SUPERMERCADOS MONTSERRAT S.A.C.","00033984560",05/11/2020 10:32:00,"DAYS",60,05/18/2020 00:00:00,"780791322000033984560","","","","","7808800125588" 
"7807913CL0001","7801434CL0001","002","93307000","SUPERMERCADOS MONTSERRAT S.A.C.","00034078260",07/28/2020 10:32:00,"DAYS",60,08/03/2020 00:00:00,"780791322000034078260","","","","","7808800120507" 
"7807913CL0001","7801434CL0001","002","93307000","SUPERMERCADOS MONTSERRAT S.A.C.","00033669140",02/06/2020 10:32:00,"DAYS",60,02/10/2020 00:00:00,"780791322000033669140","","","","","7808810005658" 
"7807913CL0001","7801434CL0001","002","93307000","SUPERMERCADOS MONTSERRAT S.A.C.","00033664000",02/05/2020 10:57:00,"DAYS",60,02/10/2020 00:00:00,"780791322000033664000","","","","","7808810007096" 
"7807913CL0001","7801434CL0001","002","93307000","SUPERMERCADOS MONTSERRAT S.A.C.","00033619340",01/26/2020 10:32:00,"DAYS",60,01/27/2020 00:00:00,"780791322000033619340","","","","","7808800091081" 
"7807913CL0001","7801434CL0001","002","93307000","SUPERMERCADOS MONTSERRAT S.A.C.","00034071660",07/20/2020 10:32:00,"DAYS",60,07/27/2020 00:00:00,"780791322000034071660","","","","","7808810005719" 
"7807913CL0001","7801434CL0001","002","93307000","SUPERMERCADOS MONTSERRAT S.A.C.","00033849510",03/24/2020 10:47:00,"DAYS",60,03/30/2020 00:00:00,"780791322000033849510","","","","","7808810005658" 
"7807913CL0001","7801434CL0001","002","93307000","SUPERMERCADOS MONTSERRAT S.A.C.","00034062430",07/07/2020 10:32:00,"DAYS",60,07/13/2020 00:00:00,"780791322000034062430","","","","","7808800120507" 
"7807913CL0001","7801434CL0001","002","93307000","SUPERMERCADOS MONTSERRAT S.A.C.","00033734740",02/22/2020 21:23:00,"DAYS",60,03/02/2020 00:00:00,"780791322000033734740","","","","","7808810007010" 
"7808800117842","7801434CL0001","002","","","70002064811",04/06/2020 00:00:00,"DAYS",30,04/10/2020 00:00:00,"780791422070002064811","","","","","7808800107607" 
"7807913CL0001","7801434CL0001","002","93307000","SUPERMERCADOS MONTSERRAT S.A.C.","00033795490",03/09/2020 11:23:00,"DAYS",60,03/16/2020 00:00:00,"780791322000033795490","","","","","7808810005634" 
"7807913CL0001","7801434CL0001","002","93307000","SUPERMERCADOS MONTSERRAT S.A.C.","00033794490",03/09/2020 10:32:00,"DAYS",60,03/16/2020 00:00:00,"780791322000033794490","","","","","7808810008406" 
"7807913CL0001","7801434CL0001","002","93307000","SUPERMERCADOS MONTSERRAT S.A.C.","00033596350",01/20/2020 14:05:00,"DAYS",60,01/27/2020 00:00:00,"780791322000033596350","","","","","7808800121368" 
"7808800117842","7801434CL0001","002","","","47609265533",03/13/2020 00:00:00,"DAYS",30,03/16/2020 00:00:00,"780791422047609265533","","","","","7808800108130" 
"7808800117842","7801434CL0001","002","","","70002165166",06/15/2020 00:00:00,"DAYS",30,06/19/2020 00:00:00,"780791422070002165166","","","","","7808800107607" 
"7807913CL0001","7801434CL0001","002","93307000","SUPERMERCADOS MONTSERRAT S.A.C.","00034002550",05/18/2020 11:28:00,"DAYS",60,05/25/2020 00:00:00,"780791322000034002550","","","","","7808810005658" 
"7807913CL0001","7801434CL0001","002","93307000","SUPERMERCADOS MONTSERRAT S.A.C.","00033932700",04/17/2020 11:17:00,"DAYS",60,04/20/2020 00:00:00,"780791322000033932700","","","","","7808810005658" 
"7807913CL0001","7801434CL0001","002","93307000","SUPERMERCADOS MONTSERRAT S.A.C.","00033560290",01/10/2020 15:28:00,"DAYS",60,01/20/2020 00:00:00,"780791322000033560290","","","","","7808800121368" 
"7808800117842","7801434CL0001","002","","","70002186600",06/29/2020 00:00:00,"DAYS",30,07/03/2020 00:00:00,"780791422070002186600","","","","","7807975001925" 
"7807913CL0001","7801434CL0001","002","93307000","SUPERMERCADOS MONTSERRAT S.A.C.","00033903770",04/07/2020 12:03:00,"DAYS",60,04/13/2020 00:00:00,"780791322000033903770","","","","","7808810007003" 
"7808800117842","7801434CL0001","002","","","47633289899",06/25/2020 00:00:00,"DAYS",30,07/01/2020 00:00:00,"780791422047633289899","","","","","7807975000287" 
"7807913CL0001","7801434CL0001","002","93307000","SUPERMERCADOS MONTSERRAT S.A.C.","00033599820",01/21/2020 13:00:00,"DAYS",60,01/23/2020 00:00:00,"780791322000033599820","","","","","7808810005658" 
"7808800117842","7801434CL0001","002","","","70002198822",07/06/2020 00:00:00,"DAYS",30,07/10/2020 00:00:00,"780791422070002198822","","","","","7808800107607" 
"7807913CL0001","7801434CL0001","002","93307000","SUPERMERCADOS MONTSERRAT S.A.C.","00033540480",01/06/2020 19:00:00,"DAYS",60,01/08/2020 00:00:00,"780791322000033540480","","","","","7808810005658" 
"7808800117842","7801434CL0001","002","","","70002066022",04/06/2020 00:00:00,"DAYS",30,04/10/2020 00:00:00,"780791422070002066022","","","","","7807975001925" 
"7807913CL0001","7801434CL0001","002","93307000","SUPERMERCADOS MONTSERRAT S.A.C.","00033792280",03/08/2020 10:32:00,"DAYS",60,03/09/2020 00:00:00,"780791322000033792280","","","","","7808810007010" 
"7807913CL0001","7801434CL0001","002","93307000","SUPERMERCADOS MONTSERRAT S.A.C.","00034040450",06/14/2020 10:32:00,"DAYS",60,06/15/2020 00:00:00,"780791322000034040450","","","","","7808800123072" 
"7807913CL0001","7801434CL0001","002","93307000","SUPERMERCADOS MONTSERRAT S.A.C.","00033703210",02/14/2020 11:52:00,"DAYS",60,02/17/2020 00:00:00,"780791322000033703210","","","","","7808800125588" 
"7807913CL0001","7801434CL0001","002","93307000","SUPERMERCADOS MONTSERRAT S.A.C.","00034061450",07/06/2020 10:32:00,"DAYS",60,07/13/2020 00:00:00,"780791322000034061450","","","","","7808810008406" 
"7808800117842","7801434CL0001","002","","","70002227988",07/27/2020 00:00:00,"DAYS",30,07/31/2020 00:00:00,"780791422070002227988","","","","","7808800107607" 
"7808800117842","7801434CL0001","002","","","70002148388",06/02/2020 00:00:00,"DAYS",30,06/05/2020 00:00:00,"780791422070002148388","","","","","7808800107607" 
"7807913CL0001","7801434CL0001","002","93307000","SUPERMERCADOS MONTSERRAT S.A.C.","00033527700",01/02/2020 18:24:00,"DAYS",60,01/06/2020 00:00:00,"780791322000033527700","","","","","7808800123072" 
"7807913CL0001","7801434CL0001","002","93307000","SUPERMERCADOS MONTSERRAT S.A.C.","00033529390",01/03/2020 11:22:00,"DAYS",60,01/06/2020 00:00:00,"780791322000033529390","","","","","7808800120507" 
"7807913CL0001","7801434CL0001","002","93307000","SUPERMERCADOS MONTSERRAT S.A.C.","00033689590",02/11/2020 12:28:00,"DAYS",60,02/17/2020 00:00:00,"780791322000033689590","","","","","7808800076491" 
"7807913CL0001","7801434CL0001","002","93307000","SUPERMERCADOS MONTSERRAT S.A.C.","00034001330",05/18/2020 10:32:00,"DAYS",60,05/25/2020 00:00:00,"780791322000034001330","","","","","7808810008406" 
"7808800117842","7801434CL0001","002","","","70002057933",04/01/2020 00:00:00,"DAYS",30,04/06/2020 00:00:00,"780791422070002057933","","","","","7807975001925" 
"7807913CL0001","7801434CL0001","002","93307000","SUPERMERCADOS MONTSERRAT S.A.C.","00034062440",07/07/2020 10:32:00,"DAYS",60,07/13/2020 00:00:00,"780791322000034062440","","","","","7808800120507" 
"7807913CL0001","7801434CL0001","002","93307000","SUPERMERCADOS MONTSERRAT S.A.C.","00033619330",01/26/2020 10:32:00,"DAYS",60,01/27/2020 00:00:00,"780791322000033619330","","","","","7808800091081" 
"7807913CL0001","7801434CL0001","002","93307000","SUPERMERCADOS MONTSERRAT S.A.C.","00033829310",03/18/2020 10:35:00,"DAYS",60,03/23/2020 00:00:00,"780791322000033829310","","","","","7808800108642" 
"7807913CL0001","7801434CL0001","002","93307000","SUPERMERCADOS MONTSERRAT S.A.C.","00033549660",01/08/2020 12:48:00,"DAYS",60,01/13/2020 00:00:00,"780791322000033549660","","","","","7808800085820" 
"7808800117842","7801434CL0001","002","","","70002104577",05/04/2020 00:00:00,"DAYS",30,05/08/2020 00:00:00,"780791422070002104577","","","","","7808800107607" 
"7808800117842","7801434CL0001","002","","","70002046977",03/23/2020 00:00:00,"DAYS",30,03/27/2020 00:00:00,"780791422070002046977","","","","","7807975001925" 
"7808800117842","7801434CL0001","002","","","70002055899",04/01/2020 00:00:00,"DAYS",30,04/03/2020 00:00:00,"780791422070002055899","","","","","7807975001925" 
"7807913CL0001","7801434CL0001","002","93307000","SUPERMERCADOS MONTSERRAT S.A.C.","00033954480",04/26/2020 10:32:00,"DAYS",60,04/27/2020 00:00:00,"780791322000033954480","","","","","7808800123072" 
"7807913CL0001","7801434CL0001","002","93307000","SUPERMERCADOS MONTSERRAT S.A.C.","00033770190",03/02/2020 10:53:00,"DAYS",60,03/09/2020 00:00:00,"780791322000033770190","","","","","7808810008406" 
"7807913CL0001","7801434CL0001","002","93307000","SUPERMERCADOS MONTSERRAT S.A.C.","00034035630",06/09/2020 10:32:00,"DAYS",60,06/15/2020 00:00:00,"780791322000034035630","","","","","7808800120507" 
"7807913CL0001","7801434CL0001","002","93307000","SUPERMERCADOS MONTSERRAT S.A.C.","00033713680",02/17/2020 15:39:00,"DAYS",60,02/24/2020 00:00:00,"780791322000033713680","","","","","7808810007003" 
"7807913CL0001","7801434CL0001","002","93307000","SUPERMERCADOS MONTSERRAT S.A.C.","00033896050",04/06/2020 10:32:00,"DAYS",60,04/13/2020 00:00:00,"780791322000033896050","","","","","7808800125588" 
"7807913CL0001","7801434CL0001","002","93307000","SUPERMERCADOS MONTSERRAT S.A.C.","00033734580",02/22/2020 21:13:00,"DAYS",60,03/02/2020 00:00:00,"780791322000033734580","","","","","7808810007010" 
"7807913CL0001","7801434CL0001","002","93307000","SUPERMERCADOS MONTSERRAT S.A.C.","00033936710",04/20/2020 10:33:00,"DAYS",60,04/27/2020 00:00:00,"780791322000033936710","","","","","7808810008406" 
"7808800117842","7801434CL0001","002","","","47635803011",07/07/2020 00:00:00,"DAYS",30,07/11/2020 00:00:00,"780791422047635803011","","","","","7807975000287" 
"7807913CL0001","7801434CL0001","002","93307000","SUPERMERCADOS MONTSERRAT S.A.C.","00033914880",04/13/2020 10:32:00,"DAYS",60,04/20/2020 00:00:00,"780791322000033914880","","","","","7808800125588" 
"7807913CL0001","7801434CL0001","002","93307000","SUPERMERCADOS MONTSERRAT S.A.C.","00033792440",03/08/2020 10:32:00,"DAYS",60,03/09/2020 00:00:00,"780791322000033792440","","","","","7808810007010" 
"7807913CL0001","7801434CL0001","002","93307000","SUPERMERCADOS MONTSERRAT S.A.C.","00033560250",01/10/2020 15:23:00,"DAYS",60,01/13/2020 00:00:00,"780791322000033560250","","","","","7808800121368" 
"7807913CL0001","7801434CL0001","002","93307000","SUPERMERCADOS MONTSERRAT S.A.C.","00033816910",03/16/2020 10:32:00,"DAYS",60,03/23/2020 00:00:00,"780791322000033816910","","","","","7808810008390" 
"7807913CL0001","7801434CL0001","002","93307000","SUPERMERCADOS MONTSERRAT S.A.C.","00033954470",04/26/2020 10:32:00,"DAYS",60,04/27/2020 00:00:00,"780791322000033954470","","","","","7808800123072" 
"7807913CL0001","7801434CL0001","002","93307000","SUPERMERCADOS MONTSERRAT S.A.C.","00034023780",06/01/2020 10:32:00,"DAYS",60,06/08/2020 00:00:00,"780791322000034023780","","","","","7808800125588" 
"7807913CL0001","7801434CL0001","002","93307000","SUPERMERCADOS MONTSERRAT S.A.C.","00033795880",03/09/2020 12:33:00,"DAYS",60,03/16/2020 00:00:00,"780791322000033795880","","","","","7808800001332" 
"7807913CL0001","7801434CL0001","002","93307000","SUPERMERCADOS MONTSERRAT S.A.C.","00033972560",05/05/2020 10:32:00,"DAYS",60,05/11/2020 00:00:00,"780791322000033972560","","","","","7808800115732" 
"7807913CL0001","7801434CL0001","002","93307000","SUPERMERCADOS MONTSERRAT S.A.C.","00033712610",02/17/2020 13:30:00,"DAYS",60,02/19/2020 00:00:00,"780791322000033712610","","","","","7808810005658" 
"7807913CL0001","7801434CL0001","002","93307000","SUPERMERCADOS MONTSERRAT S.A.C.","00033970780",05/04/2020 11:23:00,"DAYS",60,05/11/2020 00:00:00,"780791322000033970780","","","","","7808800001332" 
"7808800117842","7801434CL0001","002","","","70002226900",07/27/2020 00:00:00,"DAYS",30,07/31/2020 00:00:00,"780791422070002226900","","","","","7807975001925" 
"7807913CL0001","7801434CL0001","002","93307000","SUPERMERCADOS MONTSERRAT S.A.C.","00033846190",03/23/2020 12:49:00,"DAYS",60,03/30/2020 00:00:00,"780791322000033846190","","","","","7808810005658" 
"7807913CL0001","7801434CL0001","002","93307000","SUPERMERCADOS MONTSERRAT S.A.C.","00033955600",04/27/2020 10:32:00,"DAYS",60,05/04/2020 00:00:00,"780791322000033955600","","","","","7808800125588" 
"7807913CL0001","7801434CL0001","002","93307000","SUPERMERCADOS MONTSERRAT S.A.C.","00033935550",04/20/2020 10:32:00,"DAYS",60,04/27/2020 00:00:00,"780791322000033935550","","","","","7808800085820" 
"7807913CL0001","7801434CL0001","002","93307000","SUPERMERCADOS MONTSERRAT S.A.C.","00033934110",04/19/2020 10:32:00,"DAYS",60,04/20/2020 00:00:00,"780791322000033934110","","","","","7808800123072" 
"7807913CL0001","7801434CL0001","002","93307000","SUPERMERCADOS MONTSERRAT S.A.C.","00033815670",03/14/2020 16:47:00,"DAYS",60,03/16/2020 00:00:00,"780791322000033815670","","","","","7808810005696" 
"7807913CL0001","7801434CL0001","002","93307000","SUPERMERCADOS MONTSERRAT S.A.C.","00034007410",05/20/2020 10:32:00,"DAYS",60,05/25/2020 00:00:00,"780791322000034007410","","","","","7808810008383" 
"7807913CL0001","7801434CL0001","002","93307000","SUPERMERCADOS MONTSERRAT S.A.C.","00033685120",02/10/2020 13:53:00,"DAYS",60,02/17/2020 00:00:00,"780791322000033685120","","","","","7808800108642" 
"7807913CL0001","7801434CL0001","002","93307000","SUPERMERCADOS MONTSERRAT S.A.C.","00033882180",04/01/2020 12:08:00,"DAYS",60,04/06/2020 00:00:00,"780791322000033882180","","","","","7808810005634" 
"7807913CL0001","7801434CL0001","002","93307000","SUPERMERCADOS MONTSERRAT S.A.C.","00033658180",02/03/2020 15:34:00,"DAYS",60,02/10/2020 00:00:00,"780791322000033658180","","","","","7808800121375" 
"7808800117842","7801434CL0001","002","","","70002092655",04/27/2020 00:00:00,"DAYS",30,05/01/2020 00:00:00,"780791422070002092655","","","","","7808800107607" 
"7807913CL0001","7801434CL0001","002","93307000","SUPERMERCADOS MONTSERRAT S.A.C.","00033850030",03/24/2020 10:57:00,"DAYS",60,03/30/2020 00:00:00,"780791322000033850030","","","","","7808810007003" 
"7808800117842","7801434CL0001","002","","","70002207811",07/13/2020 00:00:00,"DAYS",30,07/17/2020 00:00:00,"780791422070002207811","","","","","7808800107607" 
"7808800117842","7801434CL0001","002","","","70002115299",05/11/2020 00:00:00,"DAYS",30,05/15/2020 00:00:00,"780791422070002115299","","","","","7808800107607" 
"7808800117842","7801434CL0001","002","","","70002124377",05/18/2020 00:00:00,"DAYS",30,05/22/2020 00:00:00,"780791422070002124377","","","","","7808800107607" 
"7807913CL0001","7801434CL0001","002","93307000","SUPERMERCADOS MONTSERRAT S.A.C.","00034060890",07/06/2020 10:32:00,"DAYS",60,07/13/2020 00:00:00,"780791322000034060890","","","","","7808800125588" 
"7807913CL0001","7801434CL0001","002","93307000","SUPERMERCADOS MONTSERRAT S.A.C.","00033738590",02/24/2020 10:33:00,"DAYS",60,03/02/2020 00:00:00,"780791322000033738590","","","","","7808810007003" 
"7807913CL0001","7801434CL0001","002","93307000","SUPERMERCADOS MONTSERRAT S.A.C.","00033537630",01/06/2020 11:23:00,"DAYS",60,01/13/2020 00:00:00,"780791322000033537630","","","","","7808810008383" 
"7807913CL0001","7801434CL0001","002","93307000","SUPERMERCADOS MONTSERRAT S.A.C.","00033544740",01/07/2020 15:18:00,"DAYS",60,01/13/2020 00:00:00,"780791322000033544740","","","","","7808810005719" 
"7807913CL0001","7801434CL0001","002","93307000","SUPERMERCADOS MONTSERRAT S.A.C.","00033873810",03/30/2020 11:29:00,"DAYS",60,04/06/2020 00:00:00,"780791322000033873810","","","","","7808810008406" 
"7807913CL0001","7801434CL0001","002","93307000","SUPERMERCADOS MONTSERRAT S.A.C.","00033553200",01/09/2020 10:33:00,"DAYS",60,01/13/2020 00:00:00,"780791322000033553200","","","","","7808800001332" 
"7807913CL0001","7801434CL0001","002","93307000","SUPERMERCADOS MONTSERRAT S.A.C.","00034062450",07/07/2020 10:32:00,"DAYS",60,07/13/2020 00:00:00,"780791322000034062450","","","","","7808800120507" 
"7807913CL0001","7801434CL0001","002","93307000","SUPERMERCADOS MONTSERRAT S.A.C.","00033575280",01/15/2020 11:08:00,"DAYS",60,01/20/2020 00:00:00,"780791322000033575280","","","","","7808800108642" 
"7807913CL0001","7801434CL0001","002","93307000","SUPERMERCADOS MONTSERRAT S.A.C.","00034049000",06/22/2020 10:32:00,"DAYS",60,06/29/2020 00:00:00,"780791322000034049000","","","","","7808800125588" 
"7807913CL0001","7801434CL0001","002","93307000","SUPERMERCADOS MONTSERRAT S.A.C.","00034042740",06/16/2020 10:32:00,"DAYS",60,06/22/2020 00:00:00,"780791322000034042740","","","","","7808810008406" 
"7807913CL0001","7801434CL0001","002","93307000","SUPERMERCADOS MONTSERRAT S.A.C.","00033921620",04/14/2020 10:48:00,"DAYS",60,04/20/2020 00:00:00,"780791322000033921620","","","","","7808800120507" 
"7807913CL0001","7801434CL0001","002","93307000","SUPERMERCADOS MONTSERRAT S.A.C.","00033781840",03/04/2020 14:18:00,"DAYS",60,03/09/2020 00:00:00,"780791322000033781840","","","","","7808810005689" 
"7808800117842","7801434CL0001","002","","","70002154133",06/08/2020 00:00:00,"DAYS",30,06/12/2020 00:00:00,"780791422070002154133","","","","","7807975001925" 
"7808800117842","7801434CL0001","002","","","47630957199",06/16/2020 00:00:00,"DAYS",30,06/19/2020 00:00:00,"780791422047630957199","","","","","7807975000140" 
"7808800117842","7801434CL0001","002","","","70002047755",03/24/2020 00:00:00,"DAYS",30,03/27/2020 00:00:00,"780791422070002047755","","","","","7807975001925" 
"7808800117842","7801434CL0001","002","","","47611215933",03/20/2020 00:00:00,"DAYS",30,03/21/2020 00:00:00,"780791422047611215933","","","","","7808800098042" 
"7808800117842","7801434CL0001","002","","","70002054155",03/30/2020 00:00:00,"DAYS",30,04/03/2020 00:00:00,"780791422070002054155","","","","","7808800107607" 
"7807913CL0001","7801434CL0001","002","93307000","SUPERMERCADOS MONTSERRAT S.A.C.","00033970790",05/04/2020 11:23:00,"DAYS",60,05/11/2020 00:00:00,"780791322000033970790","","","","","7808800001332" 
"7808800117842","7801434CL0001","002","","","70002085500",04/22/2020 00:00:00,"DAYS",30,04/24/2020 00:00:00,"780791422070002085500","","","","","7807975001925" 
"7807913CL0001","7801434CL0001","002","93307000","SUPERMERCADOS MONTSERRAT S.A.C.","00033936870",04/20/2020 10:33:00,"DAYS",60,04/27/2020 00:00:00,"780791322000033936870","","","","","7808800121368" 
"7807913CL0001","7801434CL0001","002","93307000","SUPERMERCADOS MONTSERRAT S.A.C.","00033795270",03/09/2020 11:18:00,"DAYS",60,03/16/2020 00:00:00,"780791322000033795270","","","","","7808810005634" 
"7807913CL0001","7801434CL0001","002","93307000","SUPERMERCADOS MONTSERRAT S.A.C.","00033849640",03/24/2020 10:52:00,"DAYS",60,03/30/2020 00:00:00,"780791322000033849640","","","","","7808810007003" 
"7807913CL0001","7801434CL0001","002","93307000","SUPERMERCADOS MONTSERRAT S.A.C.","00033536630",01/06/2020 10:33:00,"DAYS",60,01/13/2020 00:00:00,"780791322000033536630","","","","","7808800115732" 
"7807913CL0001","7801434CL0001","002","93307000","SUPERMERCADOS MONTSERRAT S.A.C.","00033875500",03/30/2020 14:34:00,"DAYS",60,04/06/2020 00:00:00,"780791322000033875500","","","","","7808810008383" 
"7807913CL0001","7801434CL0001","002","93307000","SUPERMERCADOS MONTSERRAT S.A.C.","00033769050",03/02/2020 10:33:00,"DAYS",60,03/09/2020 00:00:00,"780791322000033769050","","","","","7808800125588" 
"7807913CL0001","7801434CL0001","002","93307000","SUPERMERCADOS MONTSERRAT S.A.C.","00033561390",01/13/2020 10:32:00,"DAYS",60,01/20/2020 00:00:00,"780791322000033561390","","","","","7808810008383" 
"7807913CL0001","7801434CL0001","002","93307000","SUPERMERCADOS MONTSERRAT S.A.C.","00033540460",01/06/2020 19:00:00,"DAYS",60,01/08/2020 00:00:00,"780791322000033540460","","","","","7808810005658" 
"7807913CL0001","7801434CL0001","002","93307000","SUPERMERCADOS MONTSERRAT S.A.C.","00033736190",02/24/2020 10:32:00,"DAYS",60,03/02/2020 00:00:00,"780791322000033736190","","","","","7808810005634" 
"7807913CL0001","7801434CL0001","002","93307000","SUPERMERCADOS MONTSERRAT S.A.C.","00033882170",04/01/2020 12:08:00,"DAYS",60,04/06/2020 00:00:00,"780791322000033882170","","","","","7808810005634" 
"7807913CL0001","7801434CL0001","002","93307000","SUPERMERCADOS MONTSERRAT S.A.C.","00033549990",01/08/2020 13:18:00,"DAYS",60,01/13/2020 00:00:00,"780791322000033549990","","","","","7808810007126" 
"7807913CL0001","7801434CL0001","002","93307000","SUPERMERCADOS MONTSERRAT S.A.C.","00033770180",03/02/2020 10:53:00,"DAYS",60,03/09/2020 00:00:00,"780791322000033770180","","","","","7808810008406" 
"7807913CL0001","7801434CL0001","002","93307000","SUPERMERCADOS MONTSERRAT S.A.C.","00034074120",07/22/2020 10:32:00,"DAYS",60,07/27/2020 00:00:00,"780791322000034074120","","","","","7808800120507" 
"7807913CL0001","7801434CL0001","002","93307000","SUPERMERCADOS MONTSERRAT S.A.C.","00034050070",06/23/2020 10:32:00,"DAYS",60,06/29/2020 00:00:00,"780791322000034050070","","","","","7808800120507" 
"7807913CL0001","7801434CL0001","002","93307000","SUPERMERCADOS MONTSERRAT S.A.C.","00033596410",01/20/2020 14:05:00,"DAYS",60,02/03/2020 00:00:00,"780791322000033596410","","","","","7808800121368" 
"7807913CL0001","7801434CL0001","002","93307000","SUPERMERCADOS MONTSERRAT S.A.C.","00033719300",02/18/2020 21:59:00,"DAYS",60,02/24/2020 00:00:00,"780791322000033719300","","","","","7808810007010" 
"7807913CL0001","7801434CL0001","002","93307000","SUPERMERCADOS MONTSERRAT S.A.C.","00033958010",04/27/2020 11:09:00,"DAYS",60,05/04/2020 00:00:00,"780791322000033958010","","","","","7808800085820" 
"7807913CL0001","7801434CL0001","002","93307000","SUPERMERCADOS MONTSERRAT S.A.C.","00033536640",01/06/2020 10:33:00,"DAYS",60,01/13/2020 00:00:00,"780791322000033536640","","","","","7808800115732" 
"7807913CL0001","7801434CL0001","002","93307000","SUPERMERCADOS MONTSERRAT S.A.C.","00033560270",01/10/2020 15:28:00,"DAYS",60,01/13/2020 00:00:00,"780791322000033560270","","","","","7808800121368" 
"7807913CL0001","7801434CL0001","002","93307000","SUPERMERCADOS MONTSERRAT S.A.C.","00034026510",06/02/2020 10:32:00,"DAYS",60,06/08/2020 00:00:00,"780791322000034026510","","","","","7808800120507" 
"7807913CL0001","7801434CL0001","002","93307000","SUPERMERCADOS MONTSERRAT S.A.C.","00033897680",04/06/2020 10:58:00,"DAYS",60,04/13/2020 00:00:00,"780791322000033897680","","","","","7808810008406" 
"7807913CL0001","7801434CL0001","002","93307000","SUPERMERCADOS MONTSERRAT S.A.C.","00033819220",03/16/2020 12:13:00,"DAYS",60,03/23/2020 00:00:00,"780791322000033819220","","","","","7808800123072" 
"7807913CL0001","7801434CL0001","002","93307000","SUPERMERCADOS MONTSERRAT S.A.C.","00033948910",04/23/2020 10:32:00,"DAYS",60,04/27/2020 00:00:00,"780791322000033948910","","","","","7808810008383" 
"7807913CL0001","7801434CL0001","002","93307000","SUPERMERCADOS MONTSERRAT S.A.C.","00033684450",02/10/2020 13:00:00,"DAYS",60,02/12/2020 00:00:00,"780791322000033684450","","","","","7808810005658" 
"7807913CL0001","7801434CL0001","002","93307000","SUPERMERCADOS MONTSERRAT S.A.C.","00033620500",01/27/2020 10:32:00,"DAYS",60,02/03/2020 00:00:00,"780791322000033620500","","","","","7808810005634" 
"7807913CL0001","7801434CL0001","002","93307000","SUPERMERCADOS MONTSERRAT S.A.C.","00033751240",02/26/2020 10:32:00,"DAYS",60,03/02/2020 00:00:00,"780791322000033751240","","","","","7808800085820" 
"7808800117842","7801434CL0001","002","","","47610493777",03/18/2020 00:00:00,"DAYS",30,03/19/2020 00:00:00,"780791422047610493777","","","","","7807975000089" 
"7807913CL0001","7801434CL0001","002","93307000","SUPERMERCADOS MONTSERRAT S.A.C.","00033546260",01/08/2020 10:32:00,"DAYS",60,01/13/2020 00:00:00,"780791322000033546260","","","","","7808800001356" 
"7807913CL0001","7801434CL0001","002","93307000","SUPERMERCADOS MONTSERRAT S.A.C.","00033585820",01/17/2020 14:58:00,"DAYS",60,01/20/2020 00:00:00,"780791322000033585820","","","","","7808810008390" 
"7807913CL0001","7801434CL0001","002","93307000","SUPERMERCADOS MONTSERRAT S.A.C.","00033669940",02/06/2020 11:18:00,"DAYS",60,02/10/2020 00:00:00,"780791322000033669940","","","","","7808810005658" 
"7807913CL0001","7801434CL0001","002","93307000","SUPERMERCADOS MONTSERRAT S.A.C.","00033652430",02/03/2020 10:32:00,"DAYS",60,02/10/2020 00:00:00,"780791322000033652430","","","","","7808800115732" 
"7808800117842","7801434CL0001","002","","","70002217155",07/20/2020 00:00:00,"DAYS",30,07/24/2020 00:00:00,"780791422070002217155","","","","","7808800107607" 
"7807913CL0001","7801434CL0001","002","93307000","SUPERMERCADOS MONTSERRAT S.A.C.","00033575380",01/15/2020 11:13:00,"DAYS",60,01/20/2020 00:00:00,"780791322000033575380","","","","","7808800108642" 
"7808800117842","7801434CL0001","002","","","70002216188",07/20/2020 00:00:00,"DAYS",30,07/24/2020 00:00:00,"780791422070002216188","","","","","7807975001925" 
"7808800117842","7801434CL0001","002","","","70002057899",04/01/2020 00:00:00,"DAYS",30,04/06/2020 00:00:00,"780791422070002057899","","","","","7808800107607" 
"7807913CL0001","7801434CL0001","002","93307000","SUPERMERCADOS MONTSERRAT S.A.C.","00033931990",04/17/2020 10:32:00,"DAYS",60,04/20/2020 00:00:00,"780791322000033931990","","","","","7808810008406" 
"7807913CL0001","7801434CL0001","002","93307000","SUPERMERCADOS MONTSERRAT S.A.C.","00033658070",02/03/2020 15:29:00,"DAYS",60,02/10/2020 00:00:00,"780791322000033658070","","","","","7808800121375" 
"7808800117842","7801434CL0001","002","","","70002247600",08/10/2020 00:00:00,"DAYS",30,08/14/2020 00:00:00,"780791422070002247600","","","","","7807975001925" 
"7807913CL0001","7801434CL0001","002","93307000","SUPERMERCADOS MONTSERRAT S.A.C.","00034087620",08/05/2020 10:32:00,"DAYS",60,08/10/2020 00:00:00,"780791322000034087620","","","","","7808810008406" 
"7807913CL0001","7801434CL0001","002","93307000","SUPERMERCADOS MONTSERRAT S.A.C.","00033921650",04/14/2020 10:48:00,"DAYS",60,04/20/2020 00:00:00,"780791322000033921650","","","","","7808800120507" 
"7807913CL0001","7801434CL0001","002","93307000","SUPERMERCADOS MONTSERRAT S.A.C.","00033955380",04/27/2020 10:32:00,"DAYS",60,05/04/2020 00:00:00,"780791322000033955380","","","","","7808800125588" 
"7807913CL0001","7801434CL0001","002","93307000","SUPERMERCADOS MONTSERRAT S.A.C.","00033622720",01/27/2020 10:33:00,"DAYS",60,02/03/2020 00:00:00,"780791322000033622720","","","","","7808800115732" 
"7807913CL0001","7801434CL0001","002","93307000","SUPERMERCADOS MONTSERRAT S.A.C.","00033621090",01/27/2020 10:32:00,"DAYS",60,02/03/2020 00:00:00,"780791322000033621090","","","","","7808810005672" 
"7807913CL0001","7801434CL0001","002","93307000","SUPERMERCADOS MONTSERRAT S.A.C.","00034071670",07/20/2020 10:32:00,"DAYS",60,07/27/2020 00:00:00,"780791322000034071670","","","","","7808810005719" 
"7807913CL0001","7801434CL0001","002","93307000","SUPERMERCADOS MONTSERRAT S.A.C.","00033734750",02/22/2020 21:23:00,"DAYS",60,03/02/2020 00:00:00,"780791322000033734750","","","","","7808810007010" 
"7807913CL0001","7801434CL0001","002","93307000","SUPERMERCADOS MONTSERRAT S.A.C.","00033849500",03/24/2020 10:47:00,"DAYS",60,03/30/2020 00:00:00,"780791322000033849500","","","","","7808810005658" 
"7808800117842","7801434CL0001","002","","","70002164077",06/15/2020 00:00:00,"DAYS",30,06/19/2020 00:00:00,"780791422070002164077","","","","","7807975001925" 
"7808800117842","7801434CL0001","002","","","70002178411",06/22/2020 00:00:00,"DAYS",30,06/26/2020 00:00:00,"780791422070002178411","","","","","7808800107607" 
"7807913CL0001","7801434CL0001","002","93307000","SUPERMERCADOS MONTSERRAT S.A.C.","00033802050",03/10/2020 15:19:00,"DAYS",60,03/16/2020 00:00:00,"780791322000033802050","","","","","7808810005658" 
"7807913CL0001","7801434CL0001","002","93307000","SUPERMERCADOS MONTSERRAT S.A.C.","00033544730",01/07/2020 15:18:00,"DAYS",60,01/13/2020 00:00:00,"780791322000033544730","","","","","7808810005719" 
"7807913CL0001","7801434CL0001","002","93307000","SUPERMERCADOS MONTSERRAT S.A.C.","00033537640",01/06/2020 11:23:00,"DAYS",60,01/13/2020 00:00:00,"780791322000033537640","","","","","7808810008383" 
"7807913CL0001","7801434CL0001","002","93307000","SUPERMERCADOS MONTSERRAT S.A.C.","00033592360",01/20/2020 10:48:00,"DAYS",60,01/27/2020 00:00:00,"780791322000033592360","","","","","7808810008383" 
"7807913CL0001","7801434CL0001","002","93307000","SUPERMERCADOS MONTSERRAT S.A.C.","00033772640",03/02/2020 13:49:00,"DAYS",60,03/09/2020 00:00:00,"780791322000033772640","","","","","7808800076491" 
"7807913CL0001","7801434CL0001","002","93307000","SUPERMERCADOS MONTSERRAT S.A.C.","00034043460",06/16/2020 10:32:00,"DAYS",60,06/22/2020 00:00:00,"780791322000034043460","","","","","7808810008383" 
"7807913CL0001","7801434CL0001","002","93307000","SUPERMERCADOS MONTSERRAT S.A.C.","00033576260",01/15/2020 12:13:00,"DAYS",60,01/20/2020 00:00:00,"780791322000033576260","","","","","7808810005719" 
"7807913CL0001","7801434CL0001","002","93307000","SUPERMERCADOS MONTSERRAT S.A.C.","00033815780",03/15/2020 10:32:00,"DAYS",60,03/16/2020 00:00:00,"780791322000033815780","","","","","7808810007010" 
"7807913CL0001","7801434CL0001","002","93307000","SUPERMERCADOS MONTSERRAT S.A.C.","00033846970",03/23/2020 14:09:00,"DAYS",60,03/30/2020 00:00:00,"780791322000033846970","","","","","7808800125588" 
"7807913CL0001","7801434CL0001","002","93307000","SUPERMERCADOS MONTSERRAT S.A.C.","00033969400",05/04/2020 10:54:00,"DAYS",60,05/11/2020 00:00:00,"780791322000033969400","","","","","7808800121368" 
"7807913CL0001","7801434CL0001","002","93307000","SUPERMERCADOS MONTSERRAT S.A.C.","00034034130",06/08/2020 10:37:00,"DAYS",60,06/15/2020 00:00:00,"780791322000034034130","","","","","7808810008406" 
"7807913CL0001","7801434CL0001","002","93307000","SUPERMERCADOS MONTSERRAT S.A.C.","00033540570",01/06/2020 19:00:00,"DAYS",90,01/08/2020 00:00:00,"780791322000033540570","","","","","7808810005658" 
"7807913CL0001","7801434CL0001","002","93307000","SUPERMERCADOS MONTSERRAT S.A.C.","00033575370",01/15/2020 11:13:00,"DAYS",60,01/20/2020 00:00:00,"780791322000033575370","","","","","7808800108642" 
"7807913CL0001","7801434CL0001","002","93307000","SUPERMERCADOS MONTSERRAT S.A.C.","00033876760",03/31/2020 10:32:00,"DAYS",60,04/06/2020 00:00:00,"780791322000033876760","","","","","7808800108642" 
"7807913CL0001","7801434CL0001","002","93307000","SUPERMERCADOS MONTSERRAT S.A.C.","00033560280",01/10/2020 15:28:00,"DAYS",60,01/20/2020 00:00:00,"780791322000033560280","","","","","7808800121368" 
"7807913CL0001","7801434CL0001","002","93307000","SUPERMERCADOS MONTSERRAT S.A.C.","00034002540",05/18/2020 11:28:00,"DAYS",60,05/25/2020 00:00:00,"780791322000034002540","","","","","7808810005658" 
"7807913CL0001","7801434CL0001","002","93307000","SUPERMERCADOS MONTSERRAT S.A.C.","00034050080",06/23/2020 10:32:00,"DAYS",60,06/29/2020 00:00:00,"780791322000034050080","","","","","7808800120507" 
"7807913CL0001","7801434CL0001","002","93307000","SUPERMERCADOS MONTSERRAT S.A.C.","00033706930",02/15/2020 15:07:00,"DAYS",60,02/17/2020 00:00:00,"780791322000033706930","","","","","7808810005672" 
"7807913CL0001","7801434CL0001","002","93307000","SUPERMERCADOS MONTSERRAT S.A.C.","00034045470",06/17/2020 10:33:00,"DAYS",60,06/22/2020 00:00:00,"780791322000034045470","","","","","7808800125588" 
"7807913CL0001","7801434CL0001","002","93307000","SUPERMERCADOS MONTSERRAT S.A.C.","00033896270",04/06/2020 10:33:00,"DAYS",60,04/13/2020 00:00:00,"780791322000033896270","","","","","7808800125588" 
"7807913CL0001","7801434CL0001","002","93307000","SUPERMERCADOS MONTSERRAT S.A.C.","00034061040",07/06/2020 10:32:00,"DAYS",60,07/13/2020 00:00:00,"780791322000034061040","","","","","7808800125588" 
"7807913CL0001","7801434CL0001","002","93307000","SUPERMERCADOS MONTSERRAT S.A.C.","00033592320",01/20/2020 10:43:00,"DAYS",60,01/27/2020 00:00:00,"780791322000033592320","","","","","7808810005672" 
"7807913CL0001","7801434CL0001","002","93307000","SUPERMERCADOS MONTSERRAT S.A.C.","00033549640",01/08/2020 12:43:00,"DAYS",60,01/13/2020 00:00:00,"780791322000033549640","","","","","7808800085820" 
"7807913CL0001","7801434CL0001","002","93307000","SUPERMERCADOS MONTSERRAT S.A.C.","00034061390",07/06/2020 10:32:00,"DAYS",60,07/13/2020 00:00:00,"780791322000034061390","","","","","7808810008406" 
"7807913CL0001","7801434CL0001","002","93307000","SUPERMERCADOS MONTSERRAT S.A.C.","00033589640",01/20/2020 10:32:00,"DAYS",60,01/27/2020 00:00:00,"780791322000033589640","","","","","7808810005658" 
"7807913CL0001","7801434CL0001","002","93307000","SUPERMERCADOS MONTSERRAT S.A.C.","00034023890",06/01/2020 10:32:00,"DAYS",60,06/08/2020 00:00:00,"780791322000034023890","","","","","7808800125588" 
"7807913CL0001","7801434CL0001","002","93307000","SUPERMERCADOS MONTSERRAT S.A.C.","00033747100",02/25/2020 11:37:00,"DAYS",60,03/02/2020 00:00:00,"780791322000033747100","","","","","7808810005672" 
"7807913CL0001","7801434CL0001","002","93307000","SUPERMERCADOS MONTSERRAT S.A.C.","00033815960",03/15/2020 10:32:00,"DAYS",60,03/16/2020 00:00:00,"780791322000033815960","","","","","7808810007010" 
"7807913CL0001","7801434CL0001","002","93307000","SUPERMERCADOS MONTSERRAT S.A.C.","00033968490",05/04/2020 10:48:00,"DAYS",60,05/11/2020 00:00:00,"780791322000033968490","","","","","7808800125588" 
"7807913CL0001","7801434CL0001","002","93307000","SUPERMERCADOS MONTSERRAT S.A.C.","00033547740",01/08/2020 10:32:00,"DAYS",60,01/13/2020 00:00:00,"780791322000033547740","","","","","7808810005689" 
"7807913CL0001","7801434CL0001","002","93307000","SUPERMERCADOS MONTSERRAT S.A.C.","00033844180",03/23/2020 10:33:00,"DAYS",60,03/30/2020 00:00:00,"780791322000033844180","","","","","7808800108642" 
"7807913CL0001","7801434CL0001","002","93307000","SUPERMERCADOS MONTSERRAT S.A.C.","00033817040",03/16/2020 10:32:00,"DAYS",60,03/23/2020 00:00:00,"780791322000033817040","","","","","7808810008383" 
